-1;0.0
16;99.40483197777999;
-1;0.0
3;95.50456743207346;
1;0.0;
-1;0.0
6;99.90942436707986;
3;94.20368114964137;
1;0.0;
2;95.91633609208111;
32;96.83772233983163;
2;0.0;
64;97.17710255234094;
-1;0.0
3;78.51227106009122;
2;0.0;
-1;0.0
1;0.0;
-1;0.0
2;84.3774595436232;
6;99.92456326694385;
4;99.898487411482;
4;99.89269623319693;
4;99.84555154832849;
4;99.84555154832849;
11;99.7673197007609;
17;99.2980542122583;
2;96.0511218772307;
2;95.57006866101129;
18;94.68455908452306;
3;93.26202399027633;
-1;0.0
-1;0.0
1;0.0;
-1;0.0
-1;0.0
2;0.0;
-1;0.0
2;0.0;
-1;0.0
3;99.97150312243164;
4;99.90975188195183;
7;99.8482952323366;
2;97.75266712512253;
3;96.71372785190265;
3;95.76321305537802;
17;91.7574967709451;
2;81.97144746622128;
2;0.0;
-1;0.0
1;0.0;
1;0.0;
1;0.0;
-1;0.0
-1;0.0
1;0.0;
1;0.0;
2;0.0;
1;0.0;
-1;0.0
3;99.97150312243164;
11;99.87158850038279;
2;96.55989541923108;
2;94.72943733796897;
2;93.61828891500357;
2;91.05267476889816;
2;81.97144746622128;
2;59.32039111799241;
-1;0.0
3;0.0;
-1;0.0
-1;0.0
0;0.0;
-1;0.0
-1;0.0
3;0.0;
-1;0.0
-1;0.0
2;0.0;
1;0.0;
3;99.97150312243164;
11;99.87158850038279;
4;98.55687454304645;
20;94.51474927416669;
2;91.65397105977975;
2;78.0738444433815;
-1;0.0
-1;0.0
1;0.0;
1;0.0;
-1;0.0
-1;0.0
1;0.0;
-1;0.0
0;0.0;
2;0.0;
1;0.0;
1;0.0;
-1;0.0
-1;0.0
3;99.97150312243164;
6;99.9066463727876;
32;96.83772233983163;
32;96.83772233983163;
2;94.5297098729525;
2;93.6648434883314;
16;90.93007596462749;
2;86.60016587766694;
2;81.97144746622128;
-1;0.0
-1;0.0
1;0.0;
-1;0.0
1;0.0;
1;0.0;
-1;0.0
1;0.0;
-1;0.0
1;0.0;
0;0.0;
3;99.97150312243164;
8;99.89800173901827;
10;99.86426867480408;
7;99.81030931684401;
26;99.0528134082168;
32;96.83772233983163;
2;96.19168498752694;
2;56.946621042087365;
2;0.0;
-1;0.0
3;0.0;
-1;0.0
2;0.0;
-1;0.0
-1;0.0
-1;0.0
-1;0.0
-1;0.0
1;0.0;
-1;0.0
3;99.97150312243164;
9;99.8405171883964;
8;99.81268329568863;
2;97.75775735334562;
32;96.83772233983163;
32;96.83772233983163;
2;94.17451806057284;
2;92.15127367668751;
4;91.13182747908736;
2;90.51512304176867;
2;84.58500162272593;
1;0.0;
2;0.0;
-1;0.0
-1;0.0
-1;0.0
1;0.0;
-1;0.0
2;0.0;
1;0.0;
3;99.97150312243164;
6;99.90942436707986;
10;99.86426867480408;
13;99.74336935119712;
7;99.5135857932445;
10;99.36331045803355;
64;97.17710255234094;
32;96.83772233983163;
14;93.97306412050442;
20;92.15179297267825;
3;85.87409577305954;
2;69.43568160114751;
3;67.5510354001294;
1;0.0;
1;0.0;
-1;0.0
1;0.0;
1;0.0;
1;0.0;
-1;0.0
3;99.97150312243164;
16;99.32956030958002;
16;99.32956030958002;
5;98.7105375263391;
64;97.17710255234094;
2;94.68577860658611;
3;93.69104984174186;
12;93.65426464089681;
3;92.63758120526848;
2;83.50353879125615;
1;0.0;
-1;0.0
2;0.0;
1;0.0;
-1;0.0
-1;0.0
1;0.0;
1;0.0;
1;0.0;
-1;0.0
-1;0.0
1;0.0;
2;80.09369028237381;
1;0.0;
0;0.0;
-1;0.0
2;56.946621042087365;
-1;0.0
2;90.33830550835964;
-1;0.0
-1;0.0
6;99.92044342932441;
-1;0.0
1;0.0;
-1;0.0
-1;0.0
1;0.0;
2;56.946621042087365;
-1;0.0
-1;0.0
4;99.92657274071996;
6;99.90200436556943;
7;99.89602228197475;
3;93.69104984174186;
18;91.50150374319527;
2;90.01411774128655;
5;87.52408439025157;
1;0.0;
1;0.0;
-1;0.0
-1;0.0
0;0.0;
3;0.0;
2;0.0;
1;0.0;
-1;0.0
-1;0.0
-1;0.0
1;0.0;
-1;0.0
4;99.92657274071996;
32;96.83772233983163;
2;95.9610380413899;
3;94.36906654052699;
2;89.93883527253418;
2;87.13221508587358;
3;81.47795217830726;
3;67.5510354001294;
2;0.0;
1;0.0;
-1;0.0
-1;0.0
1;0.0;
1;0.0;
1;0.0;
-1;0.0
-1;0.0
1;0.0;
-1;0.0
-1;0.0
4;99.92657274071996;
6;99.90824662519503;
10;99.73516386255889;
32;96.83772233983163;
32;96.83772233983163;
3;95.87957178284834;
4;94.90426735964002;
2;94.72943733796897;
3;94.2428662807863;
2;91.11027856638799;
3;89.90480280930704;
2;83.52061809259848;
2;74.77436710860138;
2;72.8062958642207;
-1;0.0
1;0.0;
3;0.0;
-1;0.0
-1;0.0
1;0.0;
4;99.92657274071996;
7;99.90541087854194;
2;97.74353158796738;
32;96.83772233983163;
3;95.6218497908024;
2;94.56696850580741;
2;88.92360019600576;
2;78.0738444433815;
2;58.5008114771544;
1;0.0;
-1;0.0
2;0.0;
-1;0.0
-1;0.0
-1;0.0
-1;0.0
-1;0.0
-1;0.0
-1;0.0
1;0.0;
4;99.92657274071996;
6;99.92044342932441;
6;99.92044342932441;
6;99.90843603744631;
7;99.87156682732171;
11;99.7673197007609;
2;96.79579331944;
16;93.55954828742658;
2;92.94663201016702;
2;81.97144746622128;
2;72.8062958642207;
2;56.946621042087365;
2;56.946621042087365;
-1;0.0
-1;0.0
-1;0.0
1;0.0;
-1;0.0
-1;0.0
-1;0.0
4;99.92657274071996;
6;99.92456326694385;
7;99.89121429442956;
32;96.83772233983163;
2;93.8638208331449;
3;91.63588251342534;
2;88.29152572475479;
2;79.45516034907585;
-1;0.0
2;0.0;
-1;0.0
1;0.0;
1;0.0;
2;0.0;
1;0.0;
0;0.0;
-1;0.0
-1;0.0
-1;0.0
-1;0.0
4;99.92657274071996;
3;99.73729300935975;
7;99.5135857932445;
3;96.99035367285576;
208;96.83772233983163;
2;90.26351061871885;
2;83.52061809259848;
2;81.97144746622128;
-1;0.0
-1;0.0
1;0.0;
-1;0.0
-1;0.0
-1;0.0
-1;0.0
-1;0.0
-1;0.0
-1;0.0
1;0.0;
-1;0.0
4;99.92657274071996;
4;99.90975188195183;
4;99.89269623319693;
7;99.87156593021867;
20;99.82008828957385;
6;99.77068514511002;
32;96.83772233983163;
3;94.8071485407307;
3;94.57086046145038;
4;93.1790422898962;
6;92.31854656574878;
2;84.58500162272593;
2;59.32039111799241;
1;0.0;
-1;0.0
-1;0.0
-1;0.0
1;0.0;
1;0.0;
1;0.0;
4;99.92657274071996;
10;99.85249405769227;
14;99.75783628962867;
2;95.91633609208111;
2;94.5297098729525;
3;67.5510354001294;
2;58.5008114771544;
-1;0.0
-1;0.0
-1;0.0
0;0.0;
-1;0.0
1;0.0;
1;0.0;
1;0.0;
0;0.0;
1;0.0;
-1;0.0
1;0.0;
2;0.0;
13;99.33447858840435;
3;93.95483866300134;
-1;0.0
5;99.42446108047746;
3;89.8618250875985;
-1;0.0
-1;0.0
11;99.83557699370739;
5;94.67727151861601;
2;58.5008114771544;
6;99.9066463727876;
-1;0.0
3;90.43516388477873;
-1;0.0
-1;0.0
2;76.82403620978788;
4;93.4625661054467;
2;77.82501702633262;
2;0.0;
-1;0.0
6;99.9066463727876;
7;99.90278676060157;
24;99.7120413945758;
20;94.51474927416669;
3;90.54634598379292;
3;85.87409577305954;
2;83.52061809259848;
2;69.43568160114751;
2;57.06689804536978;
-1;0.0
2;0.0;
1;0.0;
-1;0.0
-1;0.0
-1;0.0
1;0.0;
2;0.0;
1;0.0;
-1;0.0
-1;0.0
6;99.9066463727876;
5;99.85082418748281;
208;96.83772233983163;
208;96.83772233983163;
32;96.83772233983163;
3;96.42970973252748;
2;94.24600822846388;
6;92.31854656574878;
4;91.82781232846791;
2;89.07156809179406;
2;85.48412578240843;
2;0.0;
-1;0.0
1;0.0;
-1;0.0
1;0.0;
-1;0.0
-1;0.0
3;0.0;
-1;0.0
6;99.9066463727876;
5;98.7105375263391;
4;98.56688715722586;
2;92.94663201016702;
18;91.50150374319527;
2;89.97684963442386;
3;86.69692904213146;
2;83.52061809259848;
2;79.15861737407556;
2;76.82403620978788;
-1;0.0
-1;0.0
1;0.0;
-1;0.0
1;0.0;
-1;0.0
-1;0.0
-1;0.0
1;0.0;
-1;0.0
6;99.9066463727876;
4;99.88043934083544;
3;94.38133026785988;
4;91.13182747908736;
3;90.54634598379292;
3;85.87409577305954;
2;83.54926809759876;
2;72.8062958642207;
2;59.32039111799241;
-1;0.0
-1;0.0
1;0.0;
-1;0.0
-1;0.0
1;0.0;
0;0.0;
3;0.0;
-1;0.0
-1;0.0
-1;0.0
8;99.91279727537542;
4;99.90975188195183;
6;99.9066463727876;
2;96.88871675222487;
32;96.83772233983163;
2;95.67796920570902;
3;94.52986968559411;
2;93.70296313769347;
8;92.64949010907728;
3;90.54634598379292;
2;83.52061809259848;
2;58.5008114771544;
-1;0.0
2;0.0;
1;0.0;
-1;0.0
-1;0.0
3;0.0;
-1;0.0
1;0.0;
8;99.91279727537542;
4;99.90975188195183;
10;99.85249405769227;
32;96.83772233983163;
3;96.37227616102356;
2;95.57006866101129;
2;95.13556775042635;
2;93.83386767717516;
4;92.84308399971371;
2;81.97144746622128;
2;81.97144746622128;
-1;0.0
-1;0.0
-1;0.0
-1;0.0
3;0.0;
-1;0.0
-1;0.0
1;0.0;
-1;0.0
8;99.91279727537542;
9;99.87754069241976;
16;99.75641717663383;
2;97.73949960545788;
64;97.17710255234094;
20;92.15179297267825;
3;89.90480280930704;
2;85.09766385324974;
2;83.50353879125615;
2;80.09369028237381;
2;79.45516034907585;
2;78.0738444433815;
1;0.0;
-1;0.0
-1;0.0
-1;0.0
1;0.0;
0;0.0;
-1;0.0
-1;0.0
8;99.91279727537542;
7;99.90278676060157;
2;95.91633609208111;
3;95.1598510870707;
3;93.93853852702951;
6;89.42773205587888;
2;0.0;
-1;0.0
2;0.0;
-1;0.0
-1;0.0
2;0.0;
-1;0.0
1;0.0;
-1;0.0
1;0.0;
-1;0.0
1;0.0;
1;0.0;
-1;0.0
4;99.92267261034615;
11;99.87158850038279;
13;99.33447858840435;
2;97.72138024325112;
4;95.02217999880061;
16;93.5074875904839;
19;84.52390631300784;
2;58.5008114771544;
1;0.0;
2;0.0;
1;0.0;
-1;0.0
-1;0.0
-1;0.0
-1;0.0
2;0.0;
1;0.0;
-1;0.0
-1;0.0
-1;0.0
-1;0.0
-1;0.0
2;76.82403620978788;
4;99.88043934083544;
6;99.90843603744631;
5;99.7884899012692;
-1;0.0
-1;0.0
-1;0.0
-1;0.0
3;67.5510354001294;
1;0.0;
-1;0.0
-1;0.0
-1;0.0
-1;0.0
1;0.0;
1;0.0;
-1;0.0
6;94.16320386794371;
6;99.92456326694385;
11;99.83958282661071;
14;99.75783628962867;
13;99.74336935119712;
32;96.83772233983163;
2;93.98870643054683;
2;91.66189025773375;
18;90.86934316942195;
2;88.6649613485859;
2;85.06386062475053;
2;81.97144746622128;
-1;0.0
-1;0.0
1;0.0;
0;0.0;
-1;0.0
1;0.0;
-1;0.0
1;0.0;
2;0.0;
6;99.92456326694385;
5;98.64500744621797;
14;98.05754835284293;
32;96.83772233983163;
36;94.61361997511345;
2;94.5297098729525;
2;93.51207665320806;
2;91.66189025773375;
2;89.06940518493076;
2;88.43256015535877;
3;85.57085428211906;
2;72.8062958642207;
-1;0.0
2;0.0;
-1;0.0
1;0.0;
-1;0.0
-1;0.0
1;0.0;
1;0.0;
4;99.92657274071996;
6;99.90692748317966;
2;96.19168498752694;
4;96.03957229847047;
2;94.72220186030741;
8;92.64949010907728;
4;89.16676758737039;
2;87.8312464384124;
2;81.97144746622128;
-1;0.0
1;0.0;
1;0.0;
-1;0.0
-1;0.0
-1;0.0
-1;0.0
0;0.0;
-1;0.0
-1;0.0
-1;0.0
4;99.92657274071996;
6;98.75976804826053;
3;94.52986968559411;
4;92.95398440201484;
2;78.0738444433815;
2;58.5008114771544;
1;0.0;
-1;0.0
1;0.0;
-1;0.0
-1;0.0
1;0.0;
-1;0.0
1;0.0;
-1;0.0
2;0.0;
-1;0.0
1;0.0;
1;0.0;
-1;0.0
4;99.92657274071996;
6;99.92456326694385;
4;99.91732068147311;
14;99.82205641356765;
2;91.90350625016325;
2;88.92360019600576;
3;67.5510354001294;
-1;0.0
-1;0.0
1;0.0;
-1;0.0
1;0.0;
1;0.0;
-1;0.0
1;0.0;
1;0.0;
-1;0.0
3;0.0;
-1;0.0
-1;0.0
4;99.92657274071996;
4;98.60422055663096;
4;98.56316147091704;
3;94.18479188763673;
8;89.14900696812285;
2;88.17979404132385;
3;85.87409577305954;
2;81.97144746622128;
-1;0.0
-1;0.0
-1;0.0
-1;0.0
-1;0.0
-1;0.0
-1;0.0
1;0.0;
-1;0.0
1;0.0;
2;0.0;
-1;0.0
4;99.92657274071996;
5;99.42446108047746;
15;98.77301433683847;
4;98.56688715722586;
32;96.83772233983163;
4;94.1177637216979;
4;93.86278276533815;
2;90.55545751684865;
3;85.87409577305954;
2;83.52061809259848;
1;0.0;
-1;0.0
-1;0.0
-1;0.0
-1;0.0
-1;0.0
-1;0.0
-1;0.0
-1;0.0
-1;0.0
4;99.92657274071996;
7;99.86722870778947;
208;96.83772233983163;
2;94.09421188908493;
3;93.95483866300134;
6;92.8327293505766;
6;89.44710208156391;
2;85.8740729296265;
2;79.15861737407556;
1;0.0;
-1;0.0
-1;0.0
-1;0.0
-1;0.0
-1;0.0
-1;0.0
2;0.0;
2;0.0;
-1;0.0
2;0.0;
4;99.92657274071996;
4;99.90975188195183;
14;99.81406901975234;
16;99.32956030958002;
3;93.84166005930096;
2;90.38493564658629;
2;87.36274721370117;
2;85.46811520061625;
2;81.97144746622128;
1;0.0;
-1;0.0
2;0.0;
2;0.0;
-1;0.0
2;0.0;
1;0.0;
2;0.0;
3;0.0;
-1;0.0
3;0.0;
9;75.90916393391292;
3;93.51449489576875;
-1;0.0
14;98.05754835284293;
3;92.95262338583002;
1;0.0;
-1;0.0
-1;0.0
-1;0.0
3;80.59440624784415;
1;0.0;
-1;0.0
3;0.0;
1;0.0;
-1;0.0
1;0.0;
64;97.17710255234094;
-1;0.0
2;94.5649612523867;
-1;0.0
6;99.92456326694385;
5;99.7884899012692;
16;99.40483197777999;
32;96.83772233983163;
2;94.9781332380735;
2;88.09213484095272;
2;76.82403620978788;
-1;0.0
-1;0.0
-1;0.0
1;0.0;
2;0.0;
3;0.0;
-1;0.0
1;0.0;
0;0.0;
-1;0.0
3;0.0;
-1;0.0
1;0.0;
6;99.92456326694385;
4;99.81586389013135;
22;99.79977624513772;
16;99.32956030958002;
32;96.83772233983163;
6;92.20134616483651;
2;57.06689804536978;
1;0.0;
-1;0.0
-1;0.0
-1;0.0
-1;0.0
1;0.0;
-1;0.0
-1;0.0
-1;0.0
-1;0.0
1;0.0;
-1;0.0
-1;0.0
6;99.92456326694385;
6;99.9066463727876;
7;99.85643313470152;
5;99.83065365800098;
7;99.81030931684401;
32;96.83772233983163;
32;96.83772233983163;
32;96.83772233983163;
2;95.59561104180689;
2;94.56659880863961;
2;93.1462681881912;
2;78.0738444433815;
2;74.77436710860138;
2;69.43568160114751;
-1;0.0
-1;0.0
-1;0.0
-1;0.0
1;0.0;
1;0.0;
6;99.92456326694385;
10;99.36331045803355;
18;94.68455908452306;
16;93.55954828742658;
16;93.5074875904839;
3;93.37775008711272;
4;92.95398440201484;
2;88.92360019600576;
2;88.92360019600576;
2;85.42784200434271;
2;84.58500162272593;
-1;0.0
-1;0.0
2;0.0;
-1;0.0
-1;0.0
-1;0.0
-1;0.0
-1;0.0
-1;0.0
6;99.92456326694385;
6;99.90200381284272;
6;99.90200381284272;
6;99.77068514511002;
32;96.83772233983163;
2;95.09468302969475;
3;94.52986968559411;
3;94.17713130283451;
-1;0.0
-1;0.0
0;0.0;
1;0.0;
1;0.0;
-1;0.0
-1;0.0
2;0.0;
-1;0.0
-1;0.0
-1;0.0
1;0.0;
6;99.92456326694385;
11;99.83958282661071;
5;99.7884899012692;
26;99.0528134082168;
18;94.68455908452306;
2;94.39742463958548;
2;89.78679099590737;
2;79.45516034907585;
2;72.8062958642207;
0;0.0;
-1;0.0
-1;0.0
-1;0.0
-1;0.0
-1;0.0
-1;0.0
3;0.0;
-1;0.0
-1;0.0
-1;0.0
6;99.92456326694385;
14;99.81406901975234;
7;99.81030931684401;
15;99.33865290191775;
32;96.83772233983163;
208;96.83772233983163;
12;93.65426464089681;
4;93.1790422898962;
3;92.45954809026897;
2;83.52061809259848;
1;0.0;
-1;0.0
-1;0.0
0;0.0;
1;0.0;
-1;0.0
-1;0.0
1;0.0;
0;0.0;
-1;0.0
6;99.92456326694385;
7;99.89602228197475;
13;99.74336935119712;
2;99.31906549076697;
2;96.80866825777572;
3;94.20368114964137;
2;87.50495637215596;
3;0.0;
-1;0.0
-1;0.0
-1;0.0
1;0.0;
-1;0.0
-1;0.0
2;0.0;
-1;0.0
1;0.0;
-1;0.0
-1;0.0
-1;0.0
6;99.92456326694385;
8;99.28717937610084;
32;96.83772233983163;
2;96.16916511953136;
3;85.87409577305954;
2;79.45516034907585;
3;67.5510354001294;
-1;0.0
3;0.0;
1;0.0;
-1;0.0
-1;0.0
-1;0.0
-1;0.0
-1;0.0
1;0.0;
-1;0.0
-1;0.0
-1;0.0
-1;0.0
2;59.32039111799241;
-1;0.0
-1;0.0
-1;0.0
-1;0.0
1;0.0;
1;0.0;
2;81.97144746622128;
3;93.69104984174186;
-1;0.0
-1;0.0
2;97.76169259482077;
2;92.59957607472921;
-1;0.0
2;0.0;
1;0.0;
-1;0.0
2;83.52061809259848;
19;99.40112208863388;
-1;0.0
5;99.92182792189223;
6;99.92044342932441;
32;96.83772233983163;
2;96.1591020993631;
2;94.39971732292786;
3;93.69104984174186;
2;83.50353879125615;
2;81.97144746622128;
2;72.8062958642207;
-1;0.0
-1;0.0
1;0.0;
1;0.0;
1;0.0;
-1;0.0
-1;0.0
1;0.0;
1;0.0;
1;0.0;
-1;0.0
5;99.92182792189223;
3;91.36660325008215;
6;89.3026474295156;
4;87.96334392554391;
2;76.82403620978788;
3;67.5510354001294;
-1;0.0
2;0.0;
1;0.0;
1;0.0;
-1;0.0
-1;0.0
-1;0.0
1;0.0;
1;0.0;
-1;0.0
-1;0.0
1;0.0;
-1;0.0
-1;0.0
5;99.92182792189223;
6;99.90200436556943;
5;99.42446108047746;
2;96.22470100570901;
2;93.4593379683022;
14;90.66692703199358;
2;68.88740182106959;
1;0.0;
2;0.0;
-1;0.0
1;0.0;
2;0.0;
2;0.0;
-1;0.0
1;0.0;
-1;0.0
1;0.0;
-1;0.0
1;0.0;
1;0.0;
5;99.92182792189223;
3;99.72807178446872;
6;98.81922059558264;
14;97.93063606511282;
208;96.83772233983163;
2;91.37919934169794;
2;85.71459300135855;
2;83.50353879125615;
-1;0.0
1;0.0;
-1;0.0
-1;0.0
0;0.0;
-1;0.0
-1;0.0
2;0.0;
0;0.0;
-1;0.0
1;0.0;
-1;0.0
5;99.92182792189223;
6;99.90200381284272;
10;99.86426867480408;
4;96.1730459846328;
3;95.60892744449974;
2;94.5297098729525;
2;90.22846666776687;
18;89.91796044155126;
2;87.89707509251575;
3;86.71158618577542;
2;78.0738444433815;
3;67.5510354001294;
-1;0.0
-1;0.0
1;0.0;
-1;0.0
1;0.0;
-1;0.0
1;0.0;
-1;0.0
5;99.92182792189223;
4;99.90975188195183;
7;99.90541087854194;
9;89.0346127654444;
2;87.33773936620743;
3;85.87409577305954;
-1;0.0
1;0.0;
2;0.0;
-1;0.0
-1;0.0
-1;0.0
-1;0.0
-1;0.0
1;0.0;
-1;0.0
-1;0.0
1;0.0;
-1;0.0
1;0.0;
5;99.92182792189223;
6;99.90692748317966;
4;99.898487411482;
9;99.84398827115916;
8;99.81268329568863;
2;94.5297098729525;
10;92.7186573592648;
6;92.31854656574878;
3;89.8618250875985;
2;85.03516181270207;
2;58.5008114771544;
1;0.0;
-1;0.0
-1;0.0
-1;0.0
2;0.0;
-1;0.0
1;0.0;
-1;0.0
-1;0.0
5;99.92182792189223;
13;99.33447858840435;
26;99.0528134082168;
128;96.97665334438804;
6;92.31854656574878;
4;91.49202083437518;
3;85.87409577305954;
2;80.09369028237381;
2;80.09369028237381;
-1;0.0
-1;0.0
-1;0.0
-1;0.0
2;0.0;
1;0.0;
-1;0.0
-1;0.0
2;0.0;
1;0.0;
2;0.0;
5;99.92182792189223;
4;99.898487411482;
2;96.80783364748152;
7;94.598574127474;
6;92.8327293505766;
16;91.06241118371975;
2;88.92360019600576;
2;86.8566792102848;
2;81.97144746622128;
2;78.0738444433815;
-1;0.0
3;0.0;
1;0.0;
-1;0.0
-1;0.0
-1;0.0
-1;0.0
-1;0.0
-1;0.0
-1;0.0
-1;0.0
1;0.0;
7;99.81030931684401;
1;0.0;
-1;0.0
2;83.52061809259848;
-1;0.0
4;93.95464111973857;
-1;0.0
4;93.1790422898962;
3;0.0;
3;67.5510354001294;
-1;0.0
11;99.83557699370739;
4;98.55687454304645;
-1;0.0
64;97.17710255234094;
1;0.0;
0;0.0;
2;99.62169495612572;
6;99.9066463727876;
7;99.8482952323366;
5;99.83541440355964;
9;98.37993897955731;
32;96.83772233983163;
32;96.83772233983163;
3;91.39966723166859;
2;77.82501702633262;
3;67.5510354001294;
2;0.0;
-1;0.0
1;0.0;
-1;0.0
3;0.0;
-1;0.0
-1;0.0
0;0.0;
-1;0.0
-1;0.0
1;0.0;
6;99.92457343487146;
32;96.83772233983163;
2;93.27103481910234;
8;91.89906417950387;
8;90.53836449554845;
8;89.08303586074368;
2;81.97144746622128;
1;0.0;
-1;0.0
-1;0.0
-1;0.0
-1;0.0
-1;0.0
-1;0.0
1;0.0;
1;0.0;
-1;0.0
1;0.0;
2;0.0;
1;0.0;
6;99.92457343487146;
7;99.5135857932445;
5;99.42446108047746;
2;92.94663201016702;
3;91.36660325008215;
2;88.93393161342081;
2;0.0;
-1;0.0
1;0.0;
-1;0.0
1;0.0;
1;0.0;
-1;0.0
-1;0.0
2;0.0;
-1;0.0
1;0.0;
-1;0.0
1;0.0;
2;0.0;
6;99.92457343487146;
6;99.92044342932441;
7;99.8837144906516;
18;99.26719501674519;
2;96.15201605595438;
16;93.55954828742658;
2;93.14452118160666;
18;89.91796044155126;
2;83.52061809259848;
2;80.09369028237381;
2;59.32039111799241;
-1;0.0
1;0.0;
-1;0.0
2;0.0;
-1;0.0
-1;0.0
1;0.0;
1;0.0;
1;0.0;
3;99.98653608565651;
3;99.97150312243164;
6;99.92456326694385;
15;98.77301433683847;
2;95.67796920570902;
2;94.91128350124347;
2;84.58500162272593;
-1;0.0
-1;0.0
3;0.0;
2;0.0;
-1;0.0
-1;0.0
-1;0.0
-1;0.0
-1;0.0
-1;0.0
-1;0.0
1;0.0;
0;0.0;
3;99.98653608565651;
6;99.9066463727876;
12;99.86133976087113;
9;99.8405171883964;
12;93.65426464089681;
2;92.53281115640715;
2;59.32039111799241;
1;0.0;
-1;0.0
-1;0.0
0;0.0;
1;0.0;
-1;0.0
-1;0.0
1;0.0;
-1;0.0
2;0.0;
-1;0.0
-1;0.0
1;0.0;
3;99.98653608565651;
10;99.84922475187294;
4;98.49504487715058;
2;96.00568024162584;
3;94.18479188763673;
2;87.71136475581535;
2;83.50353879125615;
2;56.946621042087365;
-1;0.0
1;0.0;
-1;0.0
-1;0.0
-1;0.0
1;0.0;
3;0.0;
-1;0.0
1;0.0;
-1;0.0
-1;0.0
-1;0.0
3;99.98653608565651;
3;99.97870644942533;
6;99.90200381284272;
10;99.86426867480408;
7;99.81030931684401;
32;96.83772233983163;
3;94.28949259937674;
9;93.42115097184967;
-1;0.0
-1;0.0
3;0.0;
-1;0.0
1;0.0;
-1;0.0
1;0.0;
-1;0.0
-1;0.0
-1;0.0
-1;0.0
-1;0.0
3;99.98653608565651;
4;99.92657274071996;
6;99.90200381284272;
14;99.82205641356765;
14;99.81295627081047;
32;96.83772233983163;
3;94.52986968559411;
2;93.96370223272635;
4;91.49202083437518;
2;87.95083957062087;
3;67.5510354001294;
1;0.0;
-1;0.0
-1;0.0
-1;0.0
-1;0.0
-1;0.0
2;0.0;
-1;0.0
-1;0.0
0;0.0;
-1;0.0
1;0.0;
-1;0.0
2;94.5297098729525;
1;0.0;
6;99.90942436707986;
-1;0.0
10;92.7186573592648;
2;89.12009324866058;
3;95.78058589441879;
7;99.8482594697127;
2;0.0;
-1;0.0
1;0.0;
2;0.0;
7;91.93152506183675;
2;78.0738444433815;
4;76.95615332604801;
0;0.0;
6;99.90942436707986;
208;96.83772233983163;
32;96.83772233983163;
2;94.5297098729525;
16;93.55954828742658;
8;92.64949010907728;
2;92.5719228163803;
2;81.97144746622128;
2;74.77436710860138;
1;0.0;
2;0.0;
1;0.0;
2;0.0;
-1;0.0
1;0.0;
-1;0.0
1;0.0;
-1;0.0
-1;0.0
1;0.0;
6;99.90942436707986;
20;94.51474927416669;
3;91.36660325008215;
2;89.5693057414163;
2;78.0738444433815;
2;77.82501702633262;
-1;0.0
-1;0.0
-1;0.0
2;0.0;
1;0.0;
1;0.0;
0;0.0;
-1;0.0
0;0.0;
1;0.0;
-1;0.0
-1;0.0
-1;0.0
2;0.0;
6;99.90942436707986;
7;99.85643313470152;
4;99.85609692170941;
2;95.57174443223091;
2;92.12088314401278;
2;87.03037154483842;
-1;0.0
1;0.0;
-1;0.0
1;0.0;
-1;0.0
-1;0.0
-1;0.0
1;0.0;
1;0.0;
-1;0.0
-1;0.0
1;0.0;
2;0.0;
-1;0.0
4;99.92657274071996;
6;99.90200381284272;
32;96.83772233983163;
2;95.06260741060952;
3;94.52986968559411;
2;94.5297098729525;
20;94.51474927416669;
2;81.97144746622128;
1;0.0;
-1;0.0
-1;0.0
-1;0.0
1;0.0;
1;0.0;
-1;0.0
-1;0.0
-1;0.0
1;0.0;
-1;0.0
1;0.0;
4;99.92657274071996;
5;99.92182792189223;
4;98.49504487715058;
128;96.97665334438804;
2;95.57006866101129;
10;92.7186573592648;
2;92.63663499816168;
2;86.11920783660801;
3;85.87409577305954;
2;80.09369028237381;
4;69.86396966561144;
2;0.0;
-1;0.0
-1;0.0
-1;0.0
-1;0.0
2;0.0;
2;0.0;
1;0.0;
-1;0.0
4;99.92657274071996;
4;99.90975188195183;
19;99.40112208863388;
13;99.33447858840435;
64;97.17710255234094;
20;94.51474927416669;
20;94.51474927416669;
12;93.65426464089681;
3;67.5510354001294;
-1;0.0
-1;0.0
3;0.0;
2;0.0;
-1;0.0
-1;0.0
1;0.0;
1;0.0;
1;0.0;
0;0.0;
2;0.0;
4;99.92657274071996;
6;99.92044342932441;
6;99.90200381284272;
7;99.8482952323366;
32;96.83772233983163;
4;91.49202083437518;
16;91.06241118371975;
12;88.31265140197735;
3;81.47795217830726;
3;78.51227106009122;
1;0.0;
-1;0.0
-1;0.0
-1;0.0
-1;0.0
2;0.0;
-1;0.0
1;0.0;
1;0.0;
-1;0.0
4;99.92657274071996;
32;96.83772233983163;
2;87.81007363505108;
2;77.82501702633262;
1;0.0;
1;0.0;
1;0.0;
-1;0.0
2;0.0;
1;0.0;
-1;0.0
1;0.0;
1;0.0;
-1;0.0
1;0.0;
1;0.0;
2;0.0;
1;0.0;
-1;0.0
-1;0.0
4;99.92657274071996;
7;99.8482952323366;
7;99.81030931684401;
18;94.68455908452306;
2;88.92360019600576;
2;84.58500162272593;
2;58.5008114771544;
-1;0.0
-1;0.0
-1;0.0
-1;0.0
-1;0.0
-1;0.0
1;0.0;
1;0.0;
3;0.0;
-1;0.0
2;0.0;
-1;0.0
-1;0.0
6;92.8327293505766;
-1;0.0
0;0.0;
-1;0.0
3;95.19291876078228;
1;0.0;
-1;0.0
12;90.34565281077775;
2;93.30529393579052;
2;80.09369028237381;
1;0.0;
-1;0.0
32;96.83772233983163;
1;0.0;
-1;0.0
1;0.0;
4;99.92657274071996;
-1;0.0
4;99.898487411482;
1;0.0;
4;99.92657274071996;
6;99.92456326694385;
17;99.2980542122583;
32;96.83772233983163;
32;96.83772233983163;
14;93.97306412050442;
12;93.65426464089681;
10;92.7186573592648;
2;91.6905864836536;
6;89.66460297862288;
7;88.72757245874259;
3;83.06245157329074;
2;81.97144746622128;
3;67.5510354001294;
2;0.0;
1;0.0;
-1;0.0
-1;0.0
-1;0.0
-1;0.0
4;99.92657274071996;
8;99.91279727537542;
6;99.90955777262309;
7;99.5135857932445;
2;96.79579331944;
2;94.64571269181614;
20;94.51474927416669;
16;93.55954828742658;
12;90.34565281077775;
-1;0.0
1;0.0;
-1;0.0
2;0.0;
-1;0.0
-1;0.0
1;0.0;
-1;0.0
1;0.0;
1;0.0;
1;0.0;
4;99.92657274071996;
6;99.90200381284272;
32;96.83772233983163;
2;95.9610380413899;
5;95.69335597450078;
2;93.4593379683022;
2;72.8062958642207;
1;0.0;
-1;0.0
-1;0.0
-1;0.0
-1;0.0
-1;0.0
-1;0.0
3;0.0;
-1;0.0
-1;0.0
1;0.0;
-1;0.0
-1;0.0
3;99.99642526878894;
6;99.90942436707986;
208;96.83772233983163;
32;96.83772233983163;
2;91.17762922056392;
3;86.76403145272202;
8;85.25422641519903;
2;83.52061809259848;
2;81.97144746622128;
2;76.82403620978788;
1;0.0;
-1;0.0
-1;0.0
-1;0.0
-1;0.0
-1;0.0
-1;0.0
-1;0.0
-1;0.0
3;0.0;
3;99.99642526878894;
7;99.8482952323366;
14;99.81406901975234;
3;96.42970973252748;
2;94.83534647746657;
10;92.7186573592648;
4;91.80914616130084;
12;90.34565281077775;
2;81.97144746622128;
2;72.8062958642207;
-1;0.0
-1;0.0
-1;0.0
1;0.0;
0;0.0;
2;0.0;
2;0.0;
-1;0.0
1;0.0;
-1;0.0
3;99.99642526878894;
10;99.85249405769227;
5;98.64500744621797;
20;92.15179297267825;
3;86.54912707945283;
2;83.52061809259848;
2;58.5008114771544;
-1;0.0
-1;0.0
1;0.0;
-1;0.0
-1;0.0
-1;0.0
1;0.0;
-1;0.0
-1;0.0
-1;0.0
0;0.0;
-1;0.0
1;0.0;
3;99.99642526878894;
8;99.81268329568863;
10;99.63070025854944;
9;99.51000366065793;
3;93.95483866300134;
2;91.6571782908325;
-1;0.0
-1;0.0
1;0.0;
-1;0.0
-1;0.0
2;0.0;
-1;0.0
3;0.0;
1;0.0;
1;0.0;
1;0.0;
1;0.0;
1;0.0;
-1;0.0
3;99.99642526878894;
4;99.91732068147311;
6;99.90824662519503;
4;99.88043934083544;
8;99.81268329568863;
32;96.83772233983163;
32;96.83772233983163;
2;88.16189023109709;
2;81.97144746622128;
2;0.0;
1;0.0;
-1;0.0
-1;0.0
-1;0.0
-1;0.0
1;0.0;
3;0.0;
1;0.0;
-1;0.0
-1;0.0
3;99.99642526878894;
4;99.92657274071996;
6;99.90942436707986;
5;99.7884899012692;
3;93.93853852702951;
20;92.15179297267825;
16;91.06241118371975;
2;87.40947323823566;
3;86.54912707945283;
2;83.52061809259848;
-1;0.0
-1;0.0
1;0.0;
1;0.0;
1;0.0;
-1;0.0
1;0.0;
1;0.0;
-1;0.0
-1;0.0
6;99.90692748317966;
-1;0.0
1;0.0;
1;0.0;
-1;0.0
1;0.0;
1;0.0;
-1;0.0
-1;0.0
11;99.83557699370739;
3;94.00224689294274;
10;99.8503378074743;
-1;0.0
2;0.0;
2;57.06689804536978;
-1;0.0
-1;0.0
7;99.5135857932445;
1;0.0;
-1;0.0
4;99.92657274071996;
6;99.90824662519503;
3;99.71601715579878;
64;97.17710255234094;
2;96.88260156805725;
32;96.83772233983163;
32;96.83772233983163;
2;95.64819147669988;
2;94.58503371947214;
2;92.94663201016702;
8;89.08303586074368;
-1;0.0
1;0.0;
1;0.0;
-1;0.0
-1;0.0
1;0.0;
1;0.0;
-1;0.0
1;0.0;
4;99.92657274071996;
8;99.89800173901827;
4;99.84555154832849;
32;96.83772233983163;
14;93.97306412050442;
16;93.55954828742658;
6;92.8327293505766;
3;90.54634598379292;
2;86.75255967098556;
2;81.97144746622128;
1;0.0;
-1;0.0
2;0.0;
-1;0.0
-1;0.0
-1;0.0
1;0.0;
1;0.0;
-1;0.0
-1;0.0
3;99.95866058115237;
7;99.87156682732171;
12;99.86133976087113;
7;99.8482952323366;
2;88.92360019600576;
3;85.87409577305954;
2;81.97144746622128;
3;67.5510354001294;
1;0.0;
1;0.0;
2;0.0;
1;0.0;
1;0.0;
1;0.0;
-1;0.0
1;0.0;
1;0.0;
-1;0.0
-1;0.0
1;0.0;
3;99.96490761976735;
6;99.9066463727876;
24;99.7120413945758;
14;98.05754835284293;
2;96.82419637038149;
2;95.3909153423345;
7;90.96866643425446;
3;89.90480280930704;
2;88.92360019600576;
2;88.76283184263389;
2;81.97144746622128;
-1;0.0
-1;0.0
-1;0.0
-1;0.0
-1;0.0
1;0.0;
-1;0.0
2;0.0;
-1;0.0
3;99.96490761976735;
6;99.92456326694385;
5;99.92391434058213;
11;99.83557699370739;
2;97.74065380537715;
2;92.94663201016702;
2;92.1827145155455;
2;91.671097713736;
3;91.02194826846755;
2;88.75466510138101;
2;84.58500162272593;
2;83.50353879125615;
2;81.97144746622128;
-1;0.0
-1;0.0
2;0.0;
1;0.0;
1;0.0;
-1;0.0
3;0.0;
3;99.96490761976735;
4;99.92657274071996;
5;99.83065365800098;
14;99.75783628962867;
64;97.17710255234094;
32;96.83772233983163;
3;91.36660325008215;
2;89.97237508640139;
3;85.87409577305954;
2;83.52061809259848;
2;80.09369028237381;
2;59.32039111799241;
-1;0.0
1;0.0;
-1;0.0
-1;0.0
-1;0.0
-1;0.0
-1;0.0
-1;0.0
3;99.96490761976735;
6;99.9066463727876;
22;99.73261745883217;
2;92.94663201016702;
2;90.52725364973976;
1;0.0;
2;0.0;
-1;0.0
-1;0.0
-1;0.0
-1;0.0
1;0.0;
-1;0.0
2;0.0;
1;0.0;
1;0.0;
-1;0.0
3;0.0;
-1;0.0
-1;0.0
3;99.96490761976735;
6;99.92456326694385;
4;99.91732068147311;
4;99.89269623319693;
5;99.83541440355964;
3;94.52986968559411;
2;86.49987422075796;
2;83.52061809259848;
2;79.45516034907585;
1;0.0;
3;0.0;
-1;0.0
-1;0.0
0;0.0;
1;0.0;
-1;0.0
-1;0.0
1;0.0;
0;0.0;
3;0.0;
3;99.96490761976735;
4;99.92657274071996;
4;99.9244922296626;
7;99.89015476579081;
12;93.65426464089681;
2;90.67514594298908;
5;88.81745897263109;
1;0.0;
0;0.0;
-1;0.0
1;0.0;
-1;0.0
-1;0.0
-1;0.0
-1;0.0
1;0.0;
2;0.0;
-1;0.0
1;0.0;
-1;0.0
1;0.0;
6;99.92457343487146;
3;94.07413625963935;
1;0.0;
1;0.0;
1;0.0;
3;67.5510354001294;
2;88.92360019600576;
5;99.92182792189223;
2;0.0;
0;0.0;
1;0.0;
19;99.40112208863388;
0;0.0;
10;99.85249405769227;
7;99.90541087854194;
-1;0.0
-1;0.0
32;96.83772233983163;
3;94.74048316961783;
6;99.92457343487146;
7;99.87156593021867;
32;96.83772233983163;
2;91.64941231388626;
3;91.19157268211566;
2;79.45516034907585;
2;79.15861737407556;
-1;0.0
-1;0.0
-1;0.0
1;0.0;
1;0.0;
-1;0.0
1;0.0;
1;0.0;
1;0.0;
-1;0.0
-1;0.0
-1;0.0
-1;0.0
6;99.92457343487146;
6;99.90824662519503;
10;92.7186573592648;
2;88.55026224352513;
2;83.52061809259848;
3;80.59440624784415;
-1;0.0
2;0.0;
-1;0.0
1;0.0;
-1;0.0
2;0.0;
-1;0.0
-1;0.0
3;0.0;
-1;0.0
-1;0.0
-1;0.0
1;0.0;
2;0.0;
6;99.92457343487146;
6;99.9066463727876;
14;99.81406901975234;
8;99.28717937610084;
4;98.56688715722586;
12;93.65426464089681;
3;91.2325891249776;
14;90.66692703199358;
12;90.34565281077775;
2;57.06689804536978;
1;0.0;
-1;0.0
-1;0.0
0;0.0;
1;0.0;
-1;0.0
-1;0.0
-1;0.0
1;0.0;
-1;0.0
6;99.92457343487146;
14;99.81295627081047;
10;99.75219528171088;
2;96.85533388555639;
3;94.74048316961783;
3;94.49272427365435;
2;87.64043982721743;
2;84.47008886806711;
-1;0.0
1;0.0;
1;0.0;
-1;0.0
-1;0.0
-1;0.0
1;0.0;
-1;0.0
-1;0.0
-1;0.0
-1;0.0
1;0.0;
6;99.92457343487146;
6;99.9066463727876;
6;99.9066463727876;
16;99.40483197777999;
3;94.52986968559411;
4;91.60370337959023;
2;86.78748489331905;
2;78.0738444433815;
3;67.5510354001294;
3;67.5510354001294;
1;0.0;
-1;0.0
-1;0.0
2;0.0;
1;0.0;
1;0.0;
-1;0.0
-1;0.0
-1;0.0
1;0.0;
6;99.92457343487146;
6;99.92456326694385;
4;98.56688715722586;
2;96.86413000263184;
2;96.11924737146833;
5;95.74968342174014;
4;94.59828394148214;
4;93.4625661054467;
2;91.73402314034603;
2;83.92270730490965;
1;0.0;
-1;0.0
0;0.0;
-1;0.0
-1;0.0
2;0.0;
-1;0.0
-1;0.0
-1;0.0
1;0.0;
6;99.92457343487146;
7;99.90541087854194;
11;99.83557699370739;
15;99.06485270288955;
2;95.9610380413899;
2;94.5297098729525;
2;92.59830331357625;
3;91.36660325008215;
1;0.0;
1;0.0;
1;0.0;
-1;0.0
-1;0.0
-1;0.0
-1;0.0
2;0.0;
1;0.0;
1;0.0;
-1;0.0
-1;0.0
6;99.92457343487146;
6;99.92044342932441;
6;99.90200381284272;
9;99.8405171883964;
64;97.17710255234094;
64;97.17710255234094;
2;96.84025781284923;
6;94.57289839340389;
1;0.0;
-1;0.0
1;0.0;
0;0.0;
-1;0.0
1;0.0;
3;0.0;
-1;0.0
-1;0.0
-1;0.0
-1;0.0
-1;0.0
6;99.92457343487146;
6;99.90200436556943;
14;99.82205641356765;
64;97.17710255234094;
208;96.83772233983163;
6;92.8327293505766;
2;90.10639416162608;
2;87.35578115979;
2;83.52061809259848;
2;83.52061809259848;
2;0.0;
1;0.0;
-1;0.0
1;0.0;
-1;0.0
-1;0.0
3;0.0;
1;0.0;
2;0.0;
2;0.0;
-1;0.0
-1;0.0
-1;0.0
2;0.0;
2;0.0;
3;0.0;
1;0.0;
32;96.83772233983163;
-1;0.0
1;0.0;
-1;0.0
2;94.04564245156443;
-1;0.0
-1;0.0
2;99.50101976376563;
-1;0.0
6;93.72132072777909;
2;79.45516034907585;
2;0.0;
-1;0.0
7;99.8482952323366;
4;98.49504487715058;
128;96.97665334438804;
10;92.7186573592648;
2;91.65397105977975;
2;88.92360019600576;
3;85.87409577305954;
2;85.3312670696051;
2;76.82403620978788;
2;74.77436710860138;
1;0.0;
1;0.0;
-1;0.0
-1;0.0
-1;0.0
-1;0.0
1;0.0;
1;0.0;
-1;0.0
-1;0.0
4;99.92657274071996;
3;95.56997192324066;
3;94.2428662807863;
3;94.2428662807863;
2;87.83273200031452;
3;85.87409577305954;
3;83.10728791340652;
3;67.5510354001294;
0;0.0;
-1;0.0
-1;0.0
-1;0.0
2;0.0;
1;0.0;
-1;0.0
-1;0.0
-1;0.0
-1;0.0
-1;0.0
-1;0.0
4;99.92657274071996;
6;99.90942436707986;
5;99.83541440355964;
6;98.81922059558264;
6;98.81922059558264;
2;96.88710286767575;
4;96.1730459846328;
3;83.06245157329074;
2;80.09369028237381;
2;80.09369028237381;
2;58.5008114771544;
0;0.0;
-1;0.0
-1;0.0
-1;0.0
-1;0.0
1;0.0;
1;0.0;
1;0.0;
-1;0.0
4;99.92657274071996;
8;99.89800173901827;
5;99.83541440355964;
14;99.82205641356765;
15;99.33865290191775;
3;94.20368114964137;
3;85.87409577305954;
2;69.43568160114751;
2;58.5008114771544;
2;0.0;
1;0.0;
-1;0.0
1;0.0;
1;0.0;
-1;0.0
-1;0.0
2;0.0;
-1;0.0
1;0.0;
-1;0.0
4;99.92657274071996;
2;94.5297098729525;
14;93.97306412050442;
3;93.69104984174186;
3;92.63758120526848;
3;85.87409577305954;
3;85.87409577305954;
2;56.946621042087365;
1;0.0;
1;0.0;
1;0.0;
-1;0.0
2;0.0;
1;0.0;
-1;0.0
1;0.0;
1;0.0;
-1;0.0
-1;0.0
2;0.0;
4;99.92657274071996;
4;99.9244922296626;
6;99.920493882994;
11;99.87158850038279;
7;99.81030931684401;
5;99.42446108047746;
5;97.14726084314817;
32;96.83772233983163;
9;95.41383538845828;
2;92.94663201016702;
3;90.54634598379292;
-1;0.0
1;0.0;
-1;0.0
-1;0.0
1;0.0;
2;0.0;
1;0.0;
1;0.0;
0;0.0;
4;99.92657274071996;
6;99.90942436707986;
14;99.75783628962867;
128;96.97665334438804;
32;96.83772233983163;
2;96.8313787473776;
3;93.69104984174186;
3;86.76403145272202;
2;74.77436710860138;
1;0.0;
1;0.0;
1;0.0;
-1;0.0
-1;0.0
3;0.0;
-1;0.0
-1;0.0
1;0.0;
2;0.0;
2;0.0;
4;99.92657274071996;
6;99.9066463727876;
32;96.83772233983163;
3;96.37465481511465;
2;94.73180751649508;
2;93.10949381876789;
2;92.05893749697907;
2;85.55740035855459;
2;77.82501702633262;
2;72.8062958642207;
2;72.8062958642207;
2;69.43568160114751;
-1;0.0
1;0.0;
1;0.0;
2;0.0;
-1;0.0
1;0.0;
1;0.0;
1;0.0;
4;99.92657274071996;
7;99.8482952323366;
5;99.77675873516661;
5;99.42446108047746;
9;98.27814313026856;
32;96.83772233983163;
2;93.8462683050305;
2;81.97144746622128;
-1;0.0
-1;0.0
1;0.0;
-1;0.0
1;0.0;
1;0.0;
2;0.0;
-1;0.0
-1;0.0
3;0.0;
-1;0.0
-1;0.0
9;99.8405171883964;
10;99.86426867480408;
1;0.0;
3;86.76403145272202;
2;81.97144746622128;
3;0.0;
6;99.92457343487146;
1;0.0;
1;0.0;
5;99.92182792189223;
1;0.0;
18;91.70862205145434;
1;0.0;
-1;0.0
2;94.98619302003178;
-1;0.0
1;0.0;
1;0.0;
-1;0.0
1;0.0;
6;99.92457343487146;
7;99.87156593021867;
7;99.81030931684401;
4;98.60422055663096;
32;96.83772233983163;
32;96.83772233983163;
32;96.83772233983163;
3;93.69104984174186;
18;91.70862205145434;
2;90.1142851593423;
6;89.44710208156391;
2;79.15861737407556;
2;58.5008114771544;
-1;0.0
1;0.0;
1;0.0;
1;0.0;
-1;0.0
1;0.0;
-1;0.0
4;99.92657274071996;
6;99.9066463727876;
10;99.84922475187294;
32;96.83772233983163;
2;96.83455531083541;
2;96.19168498752694;
16;93.55954828742658;
6;91.37601571899432;
2;83.50353879125615;
3;75.73311587668873;
-1;0.0
-1;0.0
1;0.0;
-1;0.0
2;0.0;
-1;0.0
-1;0.0
-1;0.0
1;0.0;
1;0.0;
3;99.96490761976735;
6;99.92044342932441;
6;99.90942436707986;
7;99.87156682732171;
11;99.83958282661071;
14;99.75783628962867;
3;96.81333063528547;
3;96.75835406807134;
14;90.01302411027056;
2;89.55980327905979;
2;79.15861737407556;
-1;0.0
3;0.0;
-1;0.0
-1;0.0
-1;0.0
-1;0.0
-1;0.0
-1;0.0
-1;0.0
3;99.96490761976735;
6;99.90942436707986;
6;99.9066463727876;
7;99.89602228197475;
4;98.55687454304645;
32;96.83772233983163;
2;94.95967780874814;
6;92.31854656574878;
2;87.06140627432275;
2;84.45337889176177;
2;79.15861737407556;
3;67.5510354001294;
3;67.5510354001294;
1;0.0;
1;0.0;
-1;0.0
1;0.0;
-1;0.0
1;0.0;
-1;0.0
3;99.96490761976735;
6;99.90200436556943;
32;96.83772233983163;
2;94.5297098729525;
8;90.53836449554845;
2;87.08096215264544;
2;84.58500162272593;
2;81.97144746622128;
1;0.0;
1;0.0;
-1;0.0
1;0.0;
1;0.0;
-1;0.0
1;0.0;
-1;0.0
1;0.0;
1;0.0;
-1;0.0
-1;0.0
3;99.96490761976735;
8;99.81268329568863;
2;96.86734255161682;
32;96.83772233983163;
32;96.83772233983163;
2;96.76492275958687;
2;95.59561104180689;
4;93.75138737804555;
2;0.0;
-1;0.0
-1;0.0
2;0.0;
1;0.0;
1;0.0;
-1;0.0
-1;0.0
1;0.0;
2;0.0;
-1;0.0
1;0.0;
3;99.96490761976735;
4;95.43345611007913;
3;94.17901581677664;
4;91.15126460959074;
2;81.97144746622128;
4;77.88407944716114;
3;67.5510354001294;
-1;0.0
-1;0.0
-1;0.0
-1;0.0
-1;0.0
-1;0.0
1;0.0;
2;0.0;
1;0.0;
1;0.0;
-1;0.0
1;0.0;
-1;0.0
3;99.96490761976735;
14;99.81406901975234;
32;96.83772233983163;
2;93.98870643054683;
2;84.58500162272593;
2;83.50353879125615;
-1;0.0
2;0.0;
-1;0.0
-1;0.0
-1;0.0
1;0.0;
1;0.0;
1;0.0;
1;0.0;
1;0.0;
1;0.0;
-1;0.0
1;0.0;
-1;0.0
3;99.96490761976735;
2;97.63969691762509;
128;96.97665334438804;
11;95.68432431498431;
3;92.91735644386013;
-1;0.0
1;0.0;
-1;0.0
1;0.0;
-1;0.0
3;0.0;
1;0.0;
2;0.0;
-1;0.0
-1;0.0
-1;0.0
-1;0.0
-1;0.0
1;0.0;
-1;0.0
32;96.83772233983163;
1;0.0;
3;96.07813499482643;
20;91.13322226620694;
12;90.34565281077775;
-1;0.0
-1;0.0
-1;0.0
-1;0.0
6;99.92044342932441;
2;69.43568160114751;
18;94.68455908452306;
208;96.83772233983163;
20;94.51474927416669;
32;96.83772233983163;
7;93.41180580256461;
7;99.81030931684401;
3;94.2428662807863;
-1;0.0
6;99.90824662519503;
6;99.92044342932441;
8;99.89800173901827;
7;99.87156593021867;
3;99.73729300935975;
3;94.20368114964137;
2;56.946621042087365;
-1;0.0
1;0.0;
2;0.0;
2;0.0;
-1;0.0
1;0.0;
1;0.0;
2;0.0;
1;0.0;
-1;0.0
-1;0.0
-1;0.0
2;0.0;
-1;0.0
6;99.92044342932441;
4;99.90975188195183;
11;99.83958282661071;
14;99.81406901975234;
2;94.73180751649508;
6;92.8327293505766;
9;89.1700589955073;
3;85.87409577305954;
3;67.5510354001294;
-1;0.0
-1;0.0
1;0.0;
-1;0.0
-1;0.0
1;0.0;
1;0.0;
0;0.0;
2;0.0;
-1;0.0
-1;0.0
3;99.99642526878894;
8;99.91279727537542;
17;99.2980542122583;
32;96.83772233983163;
5;93.21099897043578;
18;91.70862205145434;
-1;0.0
3;0.0;
-1;0.0
1;0.0;
1;0.0;
-1;0.0
1;0.0;
1;0.0;
-1;0.0
1;0.0;
1;0.0;
1;0.0;
0;0.0;
-1;0.0
3;99.99642526878894;
6;99.92044342932441;
22;99.79977624513772;
7;99.5135857932445;
128;96.97665334438804;
3;94.85116297182539;
2;93.67523518568844;
2;92.05893749697907;
2;87.90833684480225;
-1;0.0
1;0.0;
2;0.0;
1;0.0;
1;0.0;
1;0.0;
-1;0.0
1;0.0;
2;0.0;
2;0.0;
-1;0.0
3;99.99642526878894;
4;99.91732068147311;
4;99.81586389013135;
5;98.7105375263391;
32;96.83772233983163;
2;93.50177051424038;
8;92.64949010907728;
4;88.7371776171206;
3;83.10728791340652;
2;82.42635733770173;
2;79.15861737407556;
4;76.95615332604801;
2;59.32039111799241;
1;0.0;
2;0.0;
-1;0.0
1;0.0;
-1;0.0
-1;0.0
-1;0.0
3;99.99642526878894;
4;99.91732068147311;
6;99.90692748317966;
6;99.90200436556943;
9;99.84398827115916;
4;98.60107425299621;
2;98.58636225301841;
64;97.17710255234094;
20;94.51474927416669;
2;93.29281365058308;
5;92.43583816269245;
2;89.14728926269986;
2;87.2340236371648;
3;81.93104064004484;
2;77.82501702633262;
-1;0.0
2;0.0;
-1;0.0
-1;0.0
-1;0.0
3;99.99642526878894;
6;99.92456326694385;
7;99.89121429442956;
10;99.75219528171088;
8;99.28717937610084;
32;96.83772233983163;
2;94.5297098729525;
2;94.17438810250952;
3;93.69104984174186;
16;93.55954828742658;
3;85.87409577305954;
2;84.58500162272593;
2;83.50353879125615;
-1;0.0
1;0.0;
1;0.0;
-1;0.0
1;0.0;
-1;0.0
1;0.0;
3;99.99642526878894;
20;99.82008828957385;
10;99.36331045803355;
7;90.96866643425446;
3;86.76403145272202;
2;81.97144746622128;
3;81.47795217830726;
2;78.0738444433815;
2;59.32039111799241;
1;0.0;
-1;0.0
-1;0.0
3;0.0;
-1;0.0
-1;0.0
-1;0.0
-1;0.0
-1;0.0
1;0.0;
-1;0.0
3;99.99642526878894;
6;99.90692748317966;
2;97.7594464252589;
32;96.83772233983163;
2;94.5297098729525;
5;93.86200968097502;
3;90.54634598379292;
2;83.52061809259848;
2;80.09369028237381;
2;56.946621042087365;
-1;0.0
1;0.0;
2;0.0;
-1;0.0
1;0.0;
2;0.0;
-1;0.0
-1;0.0
-1;0.0
-1;0.0
2;83.52061809259848;
8;92.64949010907728;
2;0.0;
3;99.98653608565651;
-1;0.0
32;96.83772233983163;
2;84.24268975170179;
2;56.946621042087365;
1;0.0;
2;57.06689804536978;
2;80.09369028237381;
12;90.71313819733615;
-1;0.0
1;0.0;
-1;0.0
16;99.75641717663383;
2;72.8062958642207;
-1;0.0
-1;0.0
1;0.0;
3;99.98653608565651;
6;99.92456326694385;
3;99.73729300935975;
2;96.00568024162584;
8;92.64949010907728;
2;92.45036088244592;
3;90.54634598379292;
3;81.93104064004484;
-1;0.0
-1;0.0
0;0.0;
1;0.0;
-1;0.0
-1;0.0
-1;0.0
-1;0.0
-1;0.0
1;0.0;
1;0.0;
-1;0.0
3;99.98653608565651;
6;99.92044342932441;
4;99.91732068147311;
32;96.83772233983163;
17;95.18064474397428;
20;89.7467909928829;
2;86.87052100529323;
2;0.0;
-1;0.0
1;0.0;
-1;0.0
-1;0.0
-1;0.0
1;0.0;
-1;0.0
-1;0.0
-1;0.0
-1;0.0
-1;0.0
3;0.0;
3;99.98653608565651;
7;99.8482952323366;
15;99.06485270288955;
14;98.23295028158743;
32;96.83772233983163;
32;96.83772233983163;
5;94.67727151861601;
111;94.21039739248867;
20;92.15179297267825;
2;85.70416704952677;
-1;0.0
3;0.0;
1;0.0;
1;0.0;
-1;0.0
1;0.0;
-1;0.0
-1;0.0
1;0.0;
-1;0.0
3;99.98653608565651;
4;99.898487411482;
7;99.81030931684401;
6;98.75976804826053;
64;97.17710255234094;
128;96.97665334438804;
2;96.82819260152225;
8;91.34114307613912;
2;88.85710611495944;
2;88.65516797496515;
4;88.00357135546619;
3;86.76403145272202;
3;83.65855204831006;
2;79.45516034907585;
2;57.06689804536978;
3;0.0;
-1;0.0
-1;0.0
-1;0.0
2;0.0;
3;99.98653608565651;
7;99.8482952323366;
2;94.46962511147134;
16;93.55954828742658;
4;92.41057111943358;
3;85.87409577305954;
2;81.97144746622128;
4;77.98869774881058;
-1;0.0
1;0.0;
-1;0.0
1;0.0;
-1;0.0
-1;0.0
0;0.0;
1;0.0;
-1;0.0
-1;0.0
2;0.0;
-1;0.0
3;99.98653608565651;
4;99.91732068147311;
6;99.9066463727876;
22;99.79977624513772;
32;96.83772233983163;
120;94.36552474117639;
14;90.66692703199358;
3;90.54634598379292;
2;83.52061809259848;
2;81.97144746622128;
2;81.97144746622128;
2;72.8062958642207;
1;0.0;
-1;0.0
-1;0.0
1;0.0;
-1;0.0
-1;0.0
1;0.0;
1;0.0;
3;99.98653608565651;
4;99.92657274071996;
7;99.81030931684401;
4;91.49202083437518;
2;83.52061809259848;
3;81.47795217830726;
-1;0.0
-1;0.0
-1;0.0
-1;0.0
1;0.0;
2;0.0;
-1;0.0
-1;0.0
-1;0.0
3;0.0;
-1;0.0
1;0.0;
-1;0.0
2;0.0;
3;99.98653608565651;
4;99.92657274071996;
4;99.84555154832849;
64;97.17710255234094;
3;95.86226086034482;
20;94.51474927416669;
2;94.39742463958548;
3;93.56154702792922;
3;86.54912707945283;
4;77.98869774881058;
4;74.68632944367306;
-1;0.0
1;0.0;
-1;0.0
1;0.0;
-1;0.0
-1;0.0
-1;0.0
2;0.0;
-1;0.0
3;99.98653608565651;
4;99.89269623319693;
208;96.83772233983163;
2;94.84340630492541;
20;94.51474927416669;
12;89.03269773856755;
2;85.26872072993258;
2;81.97144746622128;
-1;0.0
1;0.0;
-1;0.0
-1;0.0
-1;0.0
1;0.0;
-1;0.0
-1;0.0
-1;0.0
1;0.0;
1;0.0;
2;0.0;
-1;0.0
4;98.55687454304645;
-1;0.0
-1;0.0
1;0.0;
2;79.15861737407556;
8;99.89800173901827;
1;0.0;
2;56.946621042087365;
2;94.5297098729525;
2;88.98873813050913;
-1;0.0
3;99.95866058115237;
6;92.8327293505766;
-1;0.0
2;87.00777869688416;
2;83.50353879125615;
6;99.9066463727876;
2;81.97144746622128;
-1;0.0
3;99.95866058115237;
6;99.92044342932441;
7;99.89602228197475;
11;99.83557699370739;
17;99.2980542122583;
18;99.26719501674519;
8;92.64949010907728;
3;90.51430390480955;
2;83.52061809259848;
-1;0.0
-1;0.0
1;0.0;
2;0.0;
0;0.0;
-1;0.0
-1;0.0
1;0.0;
-1;0.0
-1;0.0
-1;0.0
3;99.95866058115237;
4;99.89269623319693;
8;99.28717937610084;
2;94.56696850580741;
4;91.49202083437518;
2;56.946621042087365;
-1;0.0
-1;0.0
1;0.0;
1;0.0;
-1;0.0
-1;0.0
-1;0.0
-1;0.0
-1;0.0
-1;0.0
1;0.0;
-1;0.0
-1;0.0
-1;0.0
3;99.95866058115237;
6;99.9066463727876;
10;99.85249405769227;
10;99.73516386255889;
26;99.0528134082168;
3;94.2428662807863;
2;87.78267967789252;
3;86.71158618577542;
2;57.06689804536978;
1;0.0;
1;0.0;
1;0.0;
1;0.0;
1;0.0;
-1;0.0
-1;0.0
-1;0.0
2;0.0;
2;0.0;
-1;0.0
3;99.95866058115237;
6;99.92456326694385;
4;98.55898605169445;
2;96.55989541923108;
2;95.84815721080268;
2;94.56696850580741;
20;94.51474927416669;
2;90.62864772334385;
-1;0.0
1;0.0;
-1;0.0
-1;0.0
1;0.0;
0;0.0;
-1;0.0
1;0.0;
1;0.0;
1;0.0;
1;0.0;
2;0.0;
3;99.95866058115237;
8;99.89800173901827;
4;99.89269623319693;
7;99.87156593021867;
7;99.86723022279394;
10;99.85249405769227;
9;99.8405171883964;
2;97.73949960545788;
32;96.83772233983163;
20;94.51474927416669;
3;89.44663176753448;
2;87.45892920271233;
2;81.97144746622128;
-1;0.0
-1;0.0
1;0.0;
2;0.0;
1;0.0;
2;0.0;
-1;0.0
4;99.97302612854475;
4;99.898487411482;
7;99.89121429442956;
32;96.83772233983163;
32;96.83772233983163;
3;95.77940708111387;
14;93.97306412050442;
3;93.69104984174186;
2;83.52061809259848;
2;83.50353879125615;
-1;0.0
-1;0.0
-1;0.0
-1;0.0
-1;0.0
1;0.0;
1;0.0;
1;0.0;
1;0.0;
-1;0.0
4;99.97302612854475;
6;99.92456326694385;
4;99.898487411482;
9;99.8405171883964;
3;99.73729300935975;
9;98.37993897955731;
2;96.80887176863699;
14;90.14687512313569;
-1;0.0
-1;0.0
1;0.0;
0;0.0;
-1;0.0
-1;0.0
1;0.0;
1;0.0;
-1;0.0
1;0.0;
-1;0.0
-1;0.0
4;99.97302612854475;
6;99.92044342932441;
18;99.26719501674519;
2;96.80887176863699;
1;0.0;
-1;0.0
-1;0.0
1;0.0;
-1;0.0
1;0.0;
-1;0.0
1;0.0;
1;0.0;
-1;0.0
1;0.0;
-1;0.0
-1;0.0
1;0.0;
-1;0.0
-1;0.0
4;99.97302612854475;
6;99.90200381284272;
10;99.36331045803355;
16;99.32956030958002;
3;95.19291876078228;
2;86.00007998770332;
3;67.5510354001294;
1;0.0;
-1;0.0
1;0.0;
-1;0.0
1;0.0;
-1;0.0
-1;0.0
1;0.0;
3;0.0;
-1;0.0
1;0.0;
-1;0.0
1;0.0;
-1;0.0
-1;0.0
-1;0.0
-1;0.0
-1;0.0
6;89.44710208156391;
16;93.55954828742658;
-1;0.0
2;97.75775735334562;
6;99.90200381284272;
-1;0.0
3;67.5510354001294;
2;97.76169259482077;
16;91.06241118371975;
2;84.58500162272593;
3;93.824256247451;
6;99.92457343487146;
9;99.8405171883964;
1;0.0;
1;0.0;
6;99.92457343487146;
19;99.40112208863388;
128;96.97665334438804;
2;94.5297098729525;
10;92.7186573592648;
3;90.54634598379292;
3;81.93104064004484;
2;79.20086712408819;
2;76.82403620978788;
2;58.5008114771544;
1;0.0;
-1;0.0
1;0.0;
-1;0.0
1;0.0;
2;0.0;
1;0.0;
-1;0.0
3;0.0;
-1;0.0
6;99.92457343487146;
11;99.83557699370739;
2;96.87993373706556;
4;93.1790422898962;
15;91.05413037627893;
2;88.88204384989422;
2;87.99566911066523;
-1;0.0
1;0.0;
1;0.0;
-1;0.0
2;0.0;
1;0.0;
3;0.0;
-1;0.0
-1;0.0
0;0.0;
1;0.0;
1;0.0;
-1;0.0
4;99.97302612854475;
6;99.9066463727876;
14;99.82205641356765;
3;94.52986968559411;
3;94.38133026785988;
3;94.2428662807863;
3;93.55684786193589;
8;91.89906417950387;
2;81.97144746622128;
2;71.2808841851063;
-1;0.0
-1;0.0
-1;0.0
1;0.0;
-1;0.0
-1;0.0
1;0.0;
1;0.0;
1;0.0;
-1;0.0
4;99.97302612854475;
8;99.91120901195194;
6;99.90824662519503;
9;99.87754069241976;
7;99.81030931684401;
3;96.81333063528547;
2;92.94663201016702;
3;89.72738721609225;
3;85.87409577305954;
2;79.15861737407556;
1;0.0;
-1;0.0
-1;0.0
-1;0.0
0;0.0;
-1;0.0
-1;0.0
-1;0.0
1;0.0;
-1;0.0
4;99.97302612854475;
4;99.92267261034615;
6;99.92044342932441;
6;99.92044342932441;
5;99.42446108047746;
15;98.77301433683847;
2;95.06135201675205;
2;93.68210750609919;
2;93.4593379683022;
4;88.93697852758498;
-1;0.0
-1;0.0
1;0.0;
-1;0.0
-1;0.0
2;0.0;
-1;0.0
-1;0.0
1;0.0;
-1;0.0
4;99.97302612854475;
3;99.95866058115237;
6;99.90692748317966;
32;96.83772233983163;
35;92.364241562974;
2;89.5121257956375;
8;89.08303586074368;
3;85.87409577305954;
1;0.0;
0;0.0;
1;0.0;
-1;0.0
-1;0.0
0;0.0;
1;0.0;
-1;0.0
1;0.0;
-1;0.0
1;0.0;
1;0.0;
4;99.97302612854475;
6;99.92044342932441;
10;99.36331045803355;
4;98.56688715722586;
12;93.65426464089681;
11;93.53582290359667;
4;93.1790422898962;
3;89.90480280930704;
1;0.0;
2;0.0;
3;0.0;
1;0.0;
1;0.0;
-1;0.0
1;0.0;
1;0.0;
-1;0.0
-1;0.0
1;0.0;
2;0.0;
4;99.97302612854475;
4;99.92657274071996;
7;99.90278676060157;
14;99.75783628962867;
32;96.83772233983163;
6;95.39895515960507;
2;91.67359017225914;
2;89.03938016216773;
2;57.06689804536978;
4;0.0;
-1;0.0
1;0.0;
-1;0.0
1;0.0;
-1;0.0
-1;0.0
2;0.0;
-1;0.0
2;0.0;
1;0.0;
4;99.97302612854475;
6;99.920493882994;
6;99.90692748317966;
22;99.73261745883217;
2;97.74353158796738;
3;94.07413625963935;
20;91.13322226620694;
10;86.41449812498672;
2;83.52061809259848;
3;81.47795217830726;
1;0.0;
1;0.0;
1;0.0;
-1;0.0
-1;0.0
-1;0.0
1;0.0;
-1;0.0
1;0.0;
1;0.0;
1;0.0;
1;0.0;
6;99.90942436707986;
1;0.0;
2;87.53328163553142;
-1;0.0
-1;0.0
2;81.97144746622128;
-1;0.0
3;0.0;
1;0.0;
6;92.8327293505766;
-1;0.0
-1;0.0
-1;0.0
32;96.83772233983163;
2;80.09369028237381;
-1;0.0
3;94.2428662807863;
4;99.92267261034615;
4;99.92267261034615;
6;99.9066463727876;
11;99.83557699370739;
11;99.83557699370739;
22;99.73261745883217;
9;99.51000366065793;
2;95.5765901012347;
16;93.55954828742658;
3;93.38518305945527;
6;92.8327293505766;
2;91.66189025773375;
2;83.50353879125615;
-1;0.0
-1;0.0
-1;0.0
-1;0.0
0;0.0;
-1;0.0
-1;0.0
1;0.0;
4;99.92267261034615;
6;99.90942436707986;
2;81.97144746622128;
2;71.2808841851063;
2;69.43568160114751;
-1;0.0
1;0.0;
-1;0.0
1;0.0;
-1;0.0
-1;0.0
2;0.0;
-1;0.0
1;0.0;
-1;0.0
-1;0.0
1;0.0;
-1;0.0
-1;0.0
-1;0.0
4;99.92267261034615;
7;99.81030931684401;
2;94.72943733796897;
20;94.51474927416669;
6;94.29579852811207;
7;93.43562560407781;
3;90.54634598379292;
-1;0.0
1;0.0;
-1;0.0
-1;0.0
1;0.0;
1;0.0;
-1;0.0
-1;0.0
-1;0.0
1;0.0;
-1;0.0
-1;0.0
0;0.0;
4;99.92267261034615;
7;99.87156593021867;
3;94.07413625963935;
6;92.98466518089398;
3;85.87409577305954;
2;83.50353879125615;
4;68.84403573920292;
3;67.5510354001294;
2;57.06689804536978;
2;0.0;
1;0.0;
1;0.0;
-1;0.0
1;0.0;
-1;0.0
-1;0.0
2;0.0;
1;0.0;
-1;0.0
-1;0.0
6;99.92457343487146;
32;96.83772233983163;
14;93.97306412050442;
3;92.63758120526848;
2;90.02972512736633;
4;83.67014894079479;
2;81.97144746622128;
2;81.97144746622128;
-1;0.0
-1;0.0
-1;0.0
1;0.0;
1;0.0;
-1;0.0
-1;0.0
-1;0.0
-1;0.0
1;0.0;
-1;0.0
1;0.0;
6;99.92457343487146;
7;99.81030931684401;
22;99.73261745883217;
32;96.83772233983163;
2;96.2918951621796;
20;89.7467909928829;
2;86.79989781569485;
2;85.40200077760976;
-1;0.0
1;0.0;
-1;0.0
-1;0.0
-1;0.0
-1;0.0
-1;0.0
-1;0.0
-1;0.0
2;0.0;
-1;0.0
-1;0.0
6;99.92457343487146;
4;99.898487411482;
11;99.7673197007609;
2;97.74353158796738;
64;97.17710255234094;
32;96.83772233983163;
2;83.35318261948878;
2;81.97144746622128;
2;76.82403620978788;
2;58.5008114771544;
2;0.0;
1;0.0;
3;0.0;
-1;0.0
-1;0.0
2;0.0;
2;0.0;
-1;0.0
-1;0.0
2;0.0;
6;99.92457343487146;
24;99.7120413945758;
9;98.27814313026856;
128;96.97665334438804;
3;96.42970973252748;
2;94.5297098729525;
18;93.79055367776702;
7;93.41180580256461;
3;87.44829247128354;
2;84.58500162272593;
2;0.0;
-1;0.0
-1;0.0
-1;0.0
-1;0.0
1;0.0;
1;0.0;
1;0.0;
0;0.0;
-1;0.0
6;99.92457343487146;
4;99.88043934083544;
19;99.40112208863388;
32;96.83772233983163;
2;94.5297098729525;
2;81.97144746622128;
3;67.5510354001294;
-1;0.0
0;0.0;
1;0.0;
-1;0.0
0;0.0;
1;0.0;
0;0.0;
-1;0.0
1;0.0;
-1;0.0
-1;0.0
2;0.0;
-1;0.0
-1;0.0
-1;0.0
2;81.97144746622128;
13;99.74336935119712;
3;93.93853852702951;
10;99.86426867480408;
1;0.0;
1;0.0;
18;99.26719501674519;
1;0.0;
1;0.0;
-1;0.0
2;79.15861737407556;
-1;0.0
208;96.83772233983163;
2;0.0;
1;0.0;
-1;0.0
1;0.0;
7;90.96866643425446;
10;99.86426867480408;
20;94.51474927416669;
2;92.91461052643801;
3;85.87409577305954;
3;85.87409577305954;
2;81.97144746622128;
2;77.82501702633262;
2;58.5008114771544;
1;0.0;
-1;0.0
1;0.0;
-1;0.0
-1;0.0
1;0.0;
1;0.0;
2;0.0;
1;0.0;
-1;0.0
-1;0.0
1;0.0;
10;99.86426867480408;
2;99.31906549076697;
17;99.2980542122583;
3;94.5301723610224;
117;94.36862895286006;
5;93.85006874778098;
4;91.49202083437518;
2;88.92360019600576;
2;88.92360019600576;
2;86.66867783543132;
3;85.87409577305954;
2;84.58500162272593;
2;79.15861737407556;
1;0.0;
-1;0.0
1;0.0;
-1;0.0
1;0.0;
1;0.0;
-1;0.0
6;99.92456326694385;
4;99.88043934083544;
20;94.51474927416669;
20;92.15179297267825;
20;92.15179297267825;
6;90.6065616613223;
4;88.93697852758498;
2;86.93026623395693;
2;83.52061809259848;
1;0.0;
-1;0.0
-1;0.0
-1;0.0
-1;0.0
1;0.0;
-1;0.0
-1;0.0
0;0.0;
-1;0.0
-1;0.0
3;99.95866058115237;
12;99.86133976087113;
7;99.84898752809029;
9;99.8405171883964;
22;99.73261745883217;
2;91.66189025773375;
2;83.52061809259848;
2;71.2808841851063;
-1;0.0
2;0.0;
1;0.0;
1;0.0;
-1;0.0
1;0.0;
2;0.0;
-1;0.0
1;0.0;
-1;0.0
-1;0.0
-1;0.0
3;99.95866058115237;
6;99.92044342932441;
6;99.92044342932441;
7;99.8837144906516;
16;99.75641717663383;
32;96.83772233983163;
3;94.20368114964137;
20;92.15179297267825;
2;83.52061809259848;
2;83.52061809259848;
3;83.06245157329074;
2;81.97144746622128;
2;79.15861737407556;
1;0.0;
1;0.0;
1;0.0;
1;0.0;
2;0.0;
-1;0.0
-1;0.0
3;99.95866058115237;
4;99.91732068147311;
9;99.8405171883964;
32;96.83772233983163;
18;94.68455908452306;
4;93.1790422898962;
2;89.48339160304319;
2;80.09369028237381;
2;59.32039111799241;
-1;0.0
-1;0.0
-1;0.0
1;0.0;
3;0.0;
-1;0.0
-1;0.0
-1;0.0
-1;0.0
-1;0.0
0;0.0;
3;99.95866058115237;
5;99.77675873516661;
15;99.33865290191775;
32;96.83772233983163;
5;94.67727151861601;
4;93.3527117558783;
8;92.64949010907728;
2;87.94961181654281;
2;72.8062958642207;
2;59.32039111799241;
1;0.0;
-1;0.0
1;0.0;
2;0.0;
-1;0.0
-1;0.0
-1;0.0
-1;0.0
3;0.0;
-1;0.0
3;99.95866058115237;
7;99.86722870778947;
13;99.33447858840435;
3;94.52986968559411;
3;91.36660325008215;
2;89.17745875912819;
2;83.52061809259848;
3;67.5510354001294;
3;0.0;
-1;0.0
1;0.0;
1;0.0;
-1;0.0
-1;0.0
-1;0.0
-1;0.0
-1;0.0
2;0.0;
-1;0.0
-1;0.0
3;99.95866058115237;
11;99.7673197007609;
2;94.72943733796897;
18;94.68455908452306;
20;94.51474927416669;
20;89.7467909928829;
2;81.97144746622128;
2;69.43568160114751;
3;67.5510354001294;
-1;0.0
-1;0.0
-1;0.0
1;0.0;
2;0.0;
1;0.0;
-1;0.0
1;0.0;
-1;0.0
-1;0.0
-1;0.0
1;0.0;
9;99.8405171883964;
1;0.0;
3;90.54634598379292;
-1;0.0
5;99.83541440355964;
1;0.0;
-1;0.0
4;97.7296169540675;
4;99.91732068147311;
2;0.0;
2;85.7402318266807;
1;0.0;
-1;0.0
-1;0.0
-1;0.0
3;85.87409577305954;
2;96.80887176863699;
2;56.946621042087365;
-1;0.0
4;99.91732068147311;
4;99.90975188195183;
13;99.33447858840435;
4;98.60107425299621;
2;97.76169259482077;
32;96.83772233983163;
2;94.58815798724733;
6;92.31854656574878;
2;89.7324184241029;
-1;0.0
1;0.0;
-1;0.0
-1;0.0
0;0.0;
-1;0.0
-1;0.0
-1;0.0
1;0.0;
1;0.0;
2;0.0;
4;99.91732068147311;
6;99.90942436707986;
4;99.89269623319693;
7;99.89121429442956;
64;97.17710255234094;
32;96.83772233983163;
3;94.5301723610224;
2;94.5297098729525;
1;0.0;
-1;0.0
-1;0.0
1;0.0;
1;0.0;
-1;0.0
1;0.0;
-1;0.0
-1;0.0
-1;0.0
-1;0.0
1;0.0;
4;99.91732068147311;
9;99.87754069241976;
5;98.7105375263391;
3;95.58278533191304;
3;93.69104984174186;
2;83.4982378054965;
2;79.45516034907585;
-1;0.0
1;0.0;
-1;0.0
-1;0.0
-1;0.0
-1;0.0
2;0.0;
1;0.0;
-1;0.0
0;0.0;
1;0.0;
-1;0.0
1;0.0;
4;99.91732068147311;
8;99.89800173901827;
22;99.79977624513772;
26;99.0528134082168;
2;89.95853225825692;
16;88.09328716426226;
3;83.06245157329074;
2;79.15861737407556;
3;67.5510354001294;
-1;0.0
-1;0.0
-1;0.0
-1;0.0
-1;0.0
-1;0.0
-1;0.0
-1;0.0
-1;0.0
-1;0.0
-1;0.0
4;99.91732068147311;
6;99.90942436707986;
6;99.9066463727876;
24;99.7120413945758;
26;99.0528134082168;
2;96.82419637038149;
3;94.91425731757359;
3;94.39978853348899;
2;84.1103867956148;
2;83.52061809259848;
3;67.5510354001294;
2;59.32039111799241;
1;0.0;
-1;0.0
-1;0.0
-1;0.0
1;0.0;
-1;0.0
-1;0.0
-1;0.0
4;99.92657274071996;
7;99.89121429442956;
4;99.84555154832849;
10;99.82606039577878;
19;99.40112208863388;
2;97.75775735334562;
7;91.1577527117647;
2;83.52061809259848;
-1;0.0
-1;0.0
-1;0.0
1;0.0;
1;0.0;
-1;0.0
-1;0.0
-1;0.0
-1;0.0
1;0.0;
-1;0.0
-1;0.0
4;99.92657274071996;
4;99.92267261034615;
6;99.90200436556943;
4;99.89269623319693;
7;99.5135857932445;
5;98.83663745965782;
20;94.51474927416669;
2;94.39742463958548;
3;93.33315448846275;
2;89.61481206231046;
-1;0.0
-1;0.0
-1;0.0
2;0.0;
1;0.0;
-1;0.0
-1;0.0
-1;0.0
1;0.0;
1;0.0;
4;99.92657274071996;
6;99.92044342932441;
4;99.91732068147311;
9;99.87754069241976;
7;99.87156593021867;
2;94.5297098729525;
8;92.64949010907728;
9;89.0346127654444;
2;88.72602817554359;
2;76.82403620978788;
1;0.0;
-1;0.0
-1;0.0
-1;0.0
1;0.0;
0;0.0;
-1;0.0
1;0.0;
-1;0.0
-1;0.0
4;99.92657274071996;
7;99.87156593021867;
7;99.87156593021867;
11;99.7673197007609;
32;96.83772233983163;
6;96.11178334068192;
2;95.68199818833246;
2;89.66705651165474;
2;88.966855782257;
2;88.33436990204191;
3;81.47795217830726;
-1;0.0
-1;0.0
1;0.0;
1;0.0;
-1;0.0
-1;0.0
3;0.0;
-1;0.0
2;0.0;
1;0.0;
1;0.0;
1;0.0;
3;94.5301723610224;
1;0.0;
2;97.73949960545788;
-1;0.0
2;95.06135201675205;
-1;0.0
-1;0.0
2;81.97144746622128;
-1;0.0
16;93.5074875904839;
3;0.0;
1;0.0;
6;99.90955777262309;
2;72.8062958642207;
1;0.0;
1;0.0;
4;99.88043934083544;
4;99.9244922296626;
6;99.9066463727876;
7;99.8482952323366;
7;99.8482952323366;
15;98.62864607121698;
32;96.83772233983163;
-1;0.0
-1;0.0
-1;0.0
2;0.0;
-1;0.0
-1;0.0
0;0.0;
-1;0.0
-1;0.0
-1;0.0
-1;0.0
-1;0.0
1;0.0;
-1;0.0
4;99.9244922296626;
8;99.91279727537542;
15;98.42534532671999;
2;96.88260156805725;
2;93.8208030646444;
20;92.15179297267825;
2;88.79187115960983;
2;87.2862994702643;
3;67.5510354001294;
1;0.0;
2;0.0;
1;0.0;
1;0.0;
-1;0.0
-1;0.0
-1;0.0
-1;0.0
1;0.0;
-1;0.0
-1;0.0
4;99.9244922296626;
6;99.90200381284272;
6;99.90200381284272;
2;95.91633609208111;
2;95.57006866101129;
2;83.37250785845313;
2;81.97144746622128;
2;59.32039111799241;
1;0.0;
3;0.0;
-1;0.0
1;0.0;
1;0.0;
1;0.0;
-1;0.0
1;0.0;
-1;0.0
2;0.0;
3;0.0;
-1;0.0
4;99.9244922296626;
6;99.9066463727876;
11;99.83557699370739;
128;96.97665334438804;
32;96.83772233983163;
20;94.51474927416669;
2;93.16745464609556;
2;81.97144746622128;
2;81.97144746622128;
2;79.45516034907585;
2;76.82403620978788;
2;59.32039111799241;
-1;0.0
2;0.0;
2;0.0;
-1;0.0
2;0.0;
-1;0.0
-1;0.0
-1;0.0
4;99.9244922296626;
7;99.90541087854194;
8;99.89800173901827;
128;96.97665334438804;
32;96.83772233983163;
2;88.27491259399731;
2;80.09369028237381;
-1;0.0
-1;0.0
1;0.0;
1;0.0;
-1;0.0
2;0.0;
0;0.0;
-1;0.0
-1;0.0
-1;0.0
1;0.0;
1;0.0;
-1;0.0
4;99.9244922296626;
5;99.83541440355964;
6;99.77068514511002;
2;85.25320732277449;
-1;0.0
-1;0.0
1;0.0;
1;0.0;
-1;0.0
1;0.0;
1;0.0;
-1;0.0
-1;0.0
1;0.0;
3;0.0;
-1;0.0
-1;0.0
1;0.0;
-1;0.0
0;0.0;
4;99.9244922296626;
7;99.89121429442956;
10;99.75219528171088;
4;98.56316147091704;
128;96.97665334438804;
4;95.95115828373176;
2;91.63915962061641;
2;79.45516034907585;
-1;0.0
-1;0.0
1;0.0;
1;0.0;
-1;0.0
-1;0.0
-1;0.0
1;0.0;
1;0.0;
1;0.0;
-1;0.0
-1;0.0
4;99.9244922296626;
8;99.91279727537542;
6;99.90200381284272;
4;99.88043934083544;
3;95.06650155526751;
4;94.69702232745341;
5;92.91795677228485;
3;92.63758120526848;
3;87.54936704655293;
3;81.47795217830726;
2;77.82501702633262;
1;0.0;
1;0.0;
2;0.0;
0;0.0;
1;0.0;
1;0.0;
3;0.0;
1;0.0;
-1;0.0
3;99.99953612047227;
3;99.99953612047227;
7;99.89121429442956;
10;99.86426867480408;
208;96.83772233983163;
2;87.95402487200022;
2;83.52061809259848;
2;80.09369028237381;
-1;0.0
-1;0.0
-1;0.0
1;0.0;
1;0.0;
-1;0.0
-1;0.0
-1;0.0
-1;0.0
-1;0.0
-1;0.0
-1;0.0
-1;0.0
1;0.0;
1;0.0;
0;0.0;
6;99.90942436707986;
-1;0.0
10;92.7186573592648;
2;96.00568024162584;
22;99.73261745883217;
7;99.87156682732171;
-1;0.0
-1;0.0
3;93.69104984174186;
4;99.91732068147311;
2;84.58500162272593;
-1;0.0
0;0.0;
20;94.51474927416669;
-1;0.0
0;0.0;
4;99.91732068147311;
7;99.8482952323366;
8;99.28717937610084;
32;96.83772233983163;
2;91.66189025773375;
2;81.97144746622128;
1;0.0;
-1;0.0
-1;0.0
-1;0.0
-1;0.0
-1;0.0
2;0.0;
1;0.0;
-1;0.0
-1;0.0
-1;0.0
-1;0.0
-1;0.0
1;0.0;
4;99.91732068147311;
7;99.89015476579081;
7;99.87156682732171;
10;99.85249405769227;
4;99.84555154832849;
32;96.83772233983163;
3;94.20368114964137;
3;94.20368114964137;
2;88.92360019600576;
2;81.97144746622128;
-1;0.0
1;0.0;
-1;0.0
-1;0.0
-1;0.0
-1;0.0
1;0.0;
-1;0.0
1;0.0;
1;0.0;
4;99.91732068147311;
8;99.89800173901827;
15;99.33865290191775;
32;96.83772233983163;
8;91.92360037326095;
3;85.87409577305954;
-1;0.0
-1;0.0
1;0.0;
1;0.0;
1;0.0;
-1;0.0
1;0.0;
1;0.0;
-1;0.0
1;0.0;
-1;0.0
-1;0.0
1;0.0;
-1;0.0
3;99.96490761976735;
4;99.91732068147311;
4;99.88043934083544;
5;99.42446108047746;
10;99.36331045803355;
3;94.5301723610224;
20;94.51474927416669;
2;93.61828891500357;
1;0.0;
1;0.0;
1;0.0;
-1;0.0
1;0.0;
-1;0.0
1;0.0;
-1;0.0
-1;0.0
-1;0.0
-1;0.0
1;0.0;
3;99.96490761976735;
6;99.90200381284272;
3;93.95483866300134;
2;77.82501702633262;
3;67.5510354001294;
-1;0.0
1;0.0;
-1;0.0
2;0.0;
0;0.0;
-1;0.0
-1;0.0
-1;0.0
-1;0.0
-1;0.0
1;0.0;
-1;0.0
0;0.0;
-1;0.0
-1;0.0
3;99.96490761976735;
4;99.91732068147311;
10;99.84922475187294;
17;99.2980542122583;
8;92.64949010907728;
18;91.70862205145434;
3;85.57085428211906;
2;59.32039111799241;
-1;0.0
-1;0.0
-1;0.0
1;0.0;
-1;0.0
1;0.0;
-1;0.0
-1;0.0
-1;0.0
-1;0.0
2;0.0;
-1;0.0
3;99.96490761976735;
6;99.90824662519503;
7;99.89602228197475;
3;96.29408467217726;
2;96.00568024162584;
2;95.9610380413899;
3;86.54912707945283;
2;86.03987062473877;
3;85.87409577305954;
-1;0.0
-1;0.0
1;0.0;
1;0.0;
-1;0.0
-1;0.0
-1;0.0
-1;0.0
1;0.0;
1;0.0;
-1;0.0
3;99.96490761976735;
9;99.8405171883964;
16;99.40483197777999;
3;93.93853852702951;
2;93.45095777192876;
20;92.15179297267825;
3;89.90480280930704;
20;89.7467909928829;
2;79.15861737407556;
2;58.5008114771544;
1;0.0;
-1;0.0
-1;0.0
-1;0.0
-1;0.0
1;0.0;
-1;0.0
-1;0.0
0;0.0;
2;0.0;
3;99.96490761976735;
7;99.87156593021867;
5;99.85082418748281;
16;99.40483197777999;
32;96.83772233983163;
2;91.65477589676729;
3;86.54912707945283;
3;67.5510354001294;
-1;0.0
-1;0.0
-1;0.0
-1;0.0
-1;0.0
1;0.0;
1;0.0;
-1;0.0
-1;0.0
-1;0.0
-1;0.0
1;0.0;
-1;0.0
1;0.0;
32;96.83772233983163;
10;99.40732444730463;
6;99.92456326694385;
1;0.0;
-1;0.0
2;0.0;
1;0.0;
-1;0.0
0;0.0;
1;0.0;
2;0.0;
2;95.59561104180689;
5;98.7105375263391;
3;67.5510354001294;
-1;0.0
-1;0.0
-1;0.0
8;91.89906417950387;
6;99.92456326694385;
4;99.89269623319693;
13;99.33447858840435;
5;98.83663745965782;
128;96.97665334438804;
2;94.16407718816792;
2;92.94663201016702;
2;86.48062266560204;
2;84.1092406889118;
2;59.32039111799241;
1;0.0;
1;0.0;
1;0.0;
-1;0.0
-1;0.0
3;0.0;
1;0.0;
-1;0.0
1;0.0;
2;0.0;
3;99.97870644942533;
4;99.88043934083544;
10;99.85249405769227;
33;91.9628682325286;
2;56.946621042087365;
2;0.0;
0;0.0;
-1;0.0
1;0.0;
-1;0.0
-1;0.0
-1;0.0
-1;0.0
-1;0.0
-1;0.0
-1;0.0
-1;0.0
-1;0.0
1;0.0;
-1;0.0
3;99.97870644942533;
4;99.88043934083544;
10;99.84922475187294;
64;97.17710255234094;
2;96.87648358177951;
2;96.80866825777572;
2;95.50839394534901;
2;88.83269227802704;
2;85.11410180725292;
2;78.0738444433815;
2;78.0738444433815;
1;0.0;
-1;0.0
1;0.0;
-1;0.0
-1;0.0
1;0.0;
1;0.0;
-1;0.0
1;0.0;
3;99.97870644942533;
6;99.9066463727876;
4;99.89269623319693;
7;99.8837144906516;
7;99.87156593021867;
10;99.85249405769227;
9;99.8405171883964;
7;99.5135857932445;
18;93.18371115094017;
-1;0.0
-1;0.0
-1;0.0
1;0.0;
2;0.0;
1;0.0;
1;0.0;
-1;0.0
-1;0.0
-1;0.0
-1;0.0
3;99.97870644942533;
4;99.91732068147311;
6;99.90824662519503;
5;99.42446108047746;
208;96.83772233983163;
3;96.81333063528547;
6;92.8327293505766;
-1;0.0
-1;0.0
-1;0.0
-1;0.0
-1;0.0
-1;0.0
1;0.0;
-1;0.0
1;0.0;
-1;0.0
1;0.0;
1;0.0;
-1;0.0
3;99.97870644942533;
6;99.9066463727876;
2;97.75775735334562;
6;97.7543677177799;
32;96.83772233983163;
2;94.5297098729525;
4;93.1790422898962;
5;89.74239335525316;
3;86.54912707945283;
3;81.93104064004484;
2;69.43568160114751;
-1;0.0
-1;0.0
-1;0.0
3;0.0;
-1;0.0
-1;0.0
-1;0.0
-1;0.0
-1;0.0
3;99.97870644942533;
4;99.90975188195183;
4;99.89269623319693;
2;94.5297098729525;
20;94.51474927416669;
2;92.95313531671708;
2;87.33585542808564;
2;83.52061809259848;
-1;0.0
1;0.0;
-1;0.0
-1;0.0
-1;0.0
-1;0.0
2;0.0;
1;0.0;
-1;0.0
-1;0.0
-1;0.0
-1;0.0
3;99.97870644942533;
4;99.92657274071996;
6;99.92044342932441;
6;99.84051664220392;
20;99.82008828957385;
64;97.17710255234094;
32;96.83772233983163;
32;96.83772233983163;
4;93.1790422898962;
2;88.73660204925413;
3;86.76403145272202;
2;84.9274560031212;
-1;0.0
2;0.0;
-1;0.0
1;0.0;
1;0.0;
1;0.0;
1;0.0;
2;0.0;
3;99.97870644942533;
6;99.90200436556943;
19;99.40112208863388;
32;96.83772233983163;
10;92.7186573592648;
2;77.82501702633262;
3;67.5510354001294;
1;0.0;
-1;0.0
-1;0.0
-1;0.0
1;0.0;
-1;0.0
-1;0.0
1;0.0;
-1;0.0
-1;0.0
-1;0.0
-1;0.0
2;0.0;
2;81.97144746622128;
2;96.83455531083541;
1;0.0;
4;99.9244922296626;
-1;0.0
6;99.9066463727876;
2;0.0;
-1;0.0
2;97.7543677177799;
-1;0.0
3;0.0;
2;0.0;
2;79.15861737407556;
1;0.0;
4;99.92267261034615;
2;88.60304099324706;
2;57.06689804536978;
3;67.5510354001294;
-1;0.0
4;93.1790422898962;
4;99.9244922296626;
6;99.90843603744631;
32;96.83772233983163;
2;81.97144746622128;
3;81.47795217830726;
2;77.82501702633262;
2;72.8062958642207;
-1;0.0
0;0.0;
-1;0.0
-1;0.0
-1;0.0
-1;0.0
-1;0.0
1;0.0;
3;0.0;
-1;0.0
-1;0.0
-1;0.0
-1;0.0
3;99.96490761976735;
11;99.87158850038279;
15;99.33865290191775;
6;95.96100866724935;
2;92.94663201016702;
6;91.37601571899432;
2;84.23606680048594;
3;78.51227106009122;
0;0.0;
-1;0.0
1;0.0;
-1;0.0
-1;0.0
-1;0.0
3;0.0;
2;0.0;
-1;0.0
1;0.0;
1;0.0;
-1;0.0
3;99.96490761976735;
6;99.92456326694385;
7;99.86722870778947;
11;99.7673197007609;
10;99.36331045803355;
8;99.28717937610084;
2;95.10054009310443;
2;94.72568751454975;
1;0.0;
-1;0.0
-1;0.0
1;0.0;
-1;0.0
-1;0.0
1;0.0;
1;0.0;
-1;0.0
1;0.0;
1;0.0;
-1;0.0
3;99.96490761976735;
7;99.89015476579081;
11;99.7673197007609;
7;99.5135857932445;
14;97.93063606511282;
2;96.00568024162584;
3;93.69104984174186;
-1;0.0
-1;0.0
-1;0.0
-1;0.0
-1;0.0
0;0.0;
-1;0.0
-1;0.0
-1;0.0
2;0.0;
-1;0.0
-1;0.0
-1;0.0
3;99.96490761976735;
7;99.81030931684401;
64;97.17710255234094;
2;85.9525201210515;
-1;0.0
-1;0.0
2;0.0;
-1;0.0
-1;0.0
-1;0.0
-1;0.0
-1;0.0
1;0.0;
-1;0.0
-1;0.0
-1;0.0
1;0.0;
1;0.0;
-1;0.0
-1;0.0
3;99.96490761976735;
12;99.86133976087113;
7;99.81030931684401;
15;99.33865290191775;
2;91.65397105977975;
2;88.92360019600576;
2;88.90932880735359;
2;85.87433584543767;
2;84.83378517587785;
3;67.5510354001294;
-1;0.0
1;0.0;
-1;0.0
1;0.0;
-1;0.0
-1;0.0
-1;0.0
-1;0.0
1;0.0;
-1;0.0
3;99.96490761976735;
7;99.90278676060157;
5;99.7884899012692;
2;99.62169495612572;
32;96.83772233983163;
11;94.00918222419355;
3;93.95483866300134;
2;91.46769454360383;
3;86.71158618577542;
2;83.50353879125615;
-1;0.0
-1;0.0
-1;0.0
-1;0.0
1;0.0;
-1;0.0
3;0.0;
1;0.0;
-1;0.0
-1;0.0
3;99.96490761976735;
4;99.92657274071996;
6;99.92457343487146;
32;96.83772233983163;
32;96.83772233983163;
208;96.83772233983163;
32;96.83772233983163;
2;96.19168498752694;
10;93.92724768881237;
25;93.81029352508929;
2;81.97144746622128;
2;80.09369028237381;
2;76.82403620978788;
1;0.0;
-1;0.0
-1;0.0
-1;0.0
2;0.0;
-1;0.0
-1;0.0
3;99.99953612047227;
6;99.9066463727876;
20;99.82008828957385;
2;89.88828097615314;
2;86.69670690378908;
2;85.93297402937327;
3;85.87409577305954;
2;79.45516034907585;
-1;0.0
-1;0.0
1;0.0;
-1;0.0
-1;0.0
-1;0.0
3;0.0;
-1;0.0
1;0.0;
-1;0.0
-1;0.0
1;0.0;
-1;0.0
-1;0.0
1;0.0;
-1;0.0
-1;0.0
3;85.87409577305954;
-1;0.0
-1;0.0
3;67.5510354001294;
2;83.50353879125615;
2;96.1245313771092;
3;67.5510354001294;
-1;0.0
1;0.0;
-1;0.0
-1;0.0
3;93.93853852702951;
2;78.0738444433815;
-1;0.0
-1;0.0
7;99.87156682732171;
2;99.3718680061173;
16;99.32956030958002;
3;91.64591964343408;
2;90.85352036072398;
2;88.7357198959886;
2;86.0837600547414;
2;81.97144746622128;
3;67.5510354001294;
1;0.0;
-1;0.0
1;0.0;
-1;0.0
-1;0.0
0;0.0;
1;0.0;
1;0.0;
-1;0.0
-1;0.0
1;0.0;
7;99.87156682732171;
4;98.55687454304645;
18;94.68455908452306;
6;93.75750557167653;
2;92.56986889341749;
3;85.87409577305954;
2;85.27663501998524;
2;83.52061809259848;
2;81.97144746622128;
-1;0.0
1;0.0;
1;0.0;
-1;0.0
1;0.0;
1;0.0;
0;0.0;
1;0.0;
-1;0.0
3;0.0;
-1;0.0
6;99.92456326694385;
6;99.92044342932441;
2;95.53076359161057;
3;94.74048316961783;
4;94.49340625082331;
16;93.55954828742658;
14;90.14687512313569;
12;89.98309093741041;
3;89.90480280930704;
-1;0.0
1;0.0;
1;0.0;
-1;0.0
-1;0.0
-1;0.0
2;0.0;
-1;0.0
-1;0.0
2;0.0;
-1;0.0
6;99.92456326694385;
7;99.89015476579081;
2;97.76169259482077;
6;95.09042659427655;
8;90.02356882031248;
2;88.24264017179807;
0;0.0;
-1;0.0
-1;0.0
1;0.0;
-1;0.0
-1;0.0
1;0.0;
1;0.0;
-1;0.0
-1;0.0
1;0.0;
1;0.0;
-1;0.0
-1;0.0
3;99.97150312243164;
7;99.89602228197475;
9;99.84398827115916;
7;99.5135857932445;
32;96.83772233983163;
3;95.50456743207346;
2;93.5237818185619;
4;92.95398440201484;
2;91.6349623469154;
-1;0.0
-1;0.0
0;0.0;
1;0.0;
-1;0.0
-1;0.0
-1;0.0
1;0.0;
1;0.0;
1;0.0;
-1;0.0
3;99.99953612047227;
7;99.87156593021867;
9;99.8405171883964;
14;99.81406901975234;
2;99.3718680061173;
17;99.2980542122583;
2;91.3737204098599;
2;89.08334851259518;
3;67.5510354001294;
1;0.0;
-1;0.0
1;0.0;
0;0.0;
-1;0.0
1;0.0;
1;0.0;
-1;0.0
-1;0.0
-1;0.0
-1;0.0
3;99.99953612047227;
6;99.92457343487146;
8;99.91279727537542;
4;99.898487411482;
4;93.4625661054467;
2;90.60447455601958;
2;86.88307660398051;
2;86.68405940702235;
2;78.0738444433815;
1;0.0;
2;0.0;
-1;0.0
2;0.0;
-1;0.0
-1;0.0
-1;0.0
-1;0.0
1;0.0;
-1;0.0
-1;0.0
3;99.99953612047227;
4;99.92657274071996;
5;99.92391434058213;
10;99.73516386255889;
3;94.8700406872863;
14;93.97306412050442;
8;92.64949010907728;
14;90.14687512313569;
2;76.82403620978788;
2;59.32039111799241;
-1;0.0
-1;0.0
-1;0.0
1;0.0;
1;0.0;
1;0.0;
-1;0.0
2;0.0;
-1;0.0
-1;0.0
3;99.99953612047227;
6;99.92457343487146;
7;99.81030931684401;
13;99.33447858840435;
208;96.83772233983163;
32;96.83772233983163;
2;94.5297098729525;
2;94.20011121102208;
2;90.79104234539261;
3;89.8618250875985;
2;72.8062958642207;
2;58.5008114771544;
-1;0.0
1;0.0;
1;0.0;
1;0.0;
-1;0.0
3;0.0;
-1;0.0
1;0.0;
2;86.03946971786158;
0;0.0;
3;0.0;
3;94.20368114964137;
3;89.8618250875985;
-1;0.0
-1;0.0
1;0.0;
1;0.0;
2;95.9610380413899;
1;0.0;
2;94.73180751649508;
8;99.91120901195194;
1;0.0;
2;89.01173590511321;
-1;0.0
-1;0.0
4;99.84555154832849;
2;0.0;
3;83.10728791340652;
8;99.91120901195194;
7;99.8837144906516;
32;96.83772233983163;
2;95.77784649946733;
2;94.5297098729525;
2;83.52061809259848;
-1;0.0
1;0.0;
-1;0.0
-1;0.0
-1;0.0
1;0.0;
-1;0.0
-1;0.0
1;0.0;
-1;0.0
-1;0.0
-1;0.0
1;0.0;
-1;0.0
8;99.91120901195194;
4;99.898487411482;
2;97.75153124793357;
32;96.83772233983163;
2;94.99348331569661;
13;86.14973183944336;
2;85.6106713483139;
2;69.43568160114751;
1;0.0;
-1;0.0
2;0.0;
-1;0.0
-1;0.0
2;0.0;
3;0.0;
1;0.0;
-1;0.0
-1;0.0
1;0.0;
-1;0.0
8;99.91120901195194;
18;99.26719501674519;
32;96.83772233983163;
2;94.5297098729525;
20;94.51474927416669;
18;91.70862205145434;
6;91.37601571899432;
2;86.88489219757432;
2;72.8062958642207;
-1;0.0
2;0.0;
-1;0.0
2;0.0;
0;0.0;
-1;0.0
1;0.0;
1;0.0;
-1;0.0
-1;0.0
-1;0.0
6;99.92044342932441;
7;99.8482952323366;
16;99.32956030958002;
32;96.83772233983163;
2;96.19168498752694;
4;95.43345611007913;
14;93.97306412050442;
5;91.12797298625779;
16;91.06241118371975;
2;81.97144746622128;
1;0.0;
1;0.0;
1;0.0;
-1;0.0
-1;0.0
-1;0.0
-1;0.0
1;0.0;
-1;0.0
2;0.0;
4;99.92657274071996;
6;99.92044342932441;
7;99.81030931684401;
10;99.75219528171088;
32;96.83772233983163;
18;94.68455908452306;
2;94.56696850580741;
2;94.5297098729525;
2;94.5297098729525;
20;94.51474927416669;
3;93.69104984174186;
-1;0.0
-1;0.0
-1;0.0
1;0.0;
1;0.0;
-1;0.0
-1;0.0
-1;0.0
-1;0.0
4;99.92657274071996;
4;99.88043934083544;
7;99.87156593021867;
32;96.83772233983163;
32;96.83772233983163;
32;96.83772233983163;
8;92.64949010907728;
2;90.478090436682;
-1;0.0
-1;0.0
-1;0.0
1;0.0;
1;0.0;
2;0.0;
1;0.0;
-1;0.0
-1;0.0
-1;0.0
-1;0.0
1;0.0;
4;99.92657274071996;
6;99.92456326694385;
4;99.92267261034615;
6;99.920493882994;
17;99.32471991370156;
2;91.66189025773407;
2;91.34985549253648;
5;89.39347748796744;
3;86.71158618577542;
3;85.87409577305954;
2;84.49836085573155;
2;74.77436710860138;
-1;0.0
1;0.0;
-1;0.0
1;0.0;
1;0.0;
2;0.0;
3;0.0;
1;0.0;
4;99.92657274071996;
64;97.17710255234094;
64;97.17710255234094;
32;96.83772233983163;
12;95.89193281636574;
11;95.38100104526508;
2;93.83862914663632;
20;92.15179297267825;
2;87.16984446596037;
3;86.71158618577542;
3;85.87409577305954;
2;57.06689804536978;
-1;0.0
1;0.0;
-1;0.0
-1;0.0
1;0.0;
1;0.0;
2;0.0;
-1;0.0
3;99.97870644942533;
3;99.95866058115237;
4;99.898487411482;
7;99.87156682732171;
16;99.32956030958002;
8;99.28717937610084;
4;98.60422055663096;
15;98.42534532671999;
32;96.83772233983163;
32;96.83772233983163;
16;93.55954828742658;
4;93.1790422898962;
2;87.25899633467671;
1;0.0;
-1;0.0
-1;0.0
-1;0.0
-1;0.0
-1;0.0
-1;0.0
6;99.9066463727876;
1;0.0;
-1;0.0
2;0.0;
1;0.0;
17;99.2980542122583;
-1;0.0
-1;0.0
1;0.0;
3;0.0;
3;89.8618250875985;
12;99.86133976087113;
2;97.7543677177799;
3;0.0;
-1;0.0
32;96.83772233983163;
6;99.90843603744631;
32;96.83772233983163;
-1;0.0
2;90.44403409485096;
6;99.90942436707986;
12;99.86133976087113;
8;99.17552312558824;
64;97.17710255234094;
208;96.83772233983163;
4;91.13182747908736;
18;90.01153593992538;
-1;0.0
-1;0.0
-1;0.0
3;0.0;
-1;0.0
-1;0.0
-1;0.0
0;0.0;
-1;0.0
1;0.0;
2;0.0;
-1;0.0
-1;0.0
6;99.90942436707986;
7;99.89602228197475;
14;97.93063606511282;
3;95.19291876078228;
2;95.06135201675205;
6;94.16320386794371;
2;92.94663201016702;
3;67.5510354001294;
2;56.946621042087365;
-1;0.0
-1;0.0
-1;0.0
-1;0.0
-1;0.0
-1;0.0
-1;0.0
-1;0.0
1;0.0;
-1;0.0
1;0.0;
6;99.90942436707986;
2;96.88260156805725;
32;96.83772233983163;
32;96.83772233983163;
14;90.01302411027056;
3;85.87409577305954;
2;83.50353879125615;
3;83.06245157329074;
1;0.0;
-1;0.0
2;0.0;
-1;0.0
1;0.0;
1;0.0;
-1;0.0
0;0.0;
-1;0.0
-1;0.0
3;0.0;
1;0.0;
6;99.90942436707986;
4;99.88043934083544;
7;99.81030931684401;
8;99.28717937610084;
4;98.60107425299621;
208;96.83772233983163;
3;96.8121164346833;
3;94.08078445925692;
2;91.66189025773375;
14;90.01302411027056;
-1;0.0
1;0.0;
-1;0.0
-1;0.0
-1;0.0
1;0.0;
1;0.0;
-1;0.0
1;0.0;
-1;0.0
6;99.90942436707986;
7;99.81030931684401;
64;97.17710255234094;
10;92.7186573592648;
2;92.11519809757581;
2;91.65759311522548;
2;88.92360019600576;
2;81.97144746622128;
2;0.0;
1;0.0;
-1;0.0
0;0.0;
1;0.0;
1;0.0;
-1;0.0
-1;0.0
1;0.0;
-1;0.0
1;0.0;
-1;0.0
6;99.90942436707986;
6;99.9066463727876;
7;99.87156593021867;
13;99.74336935119712;
128;96.97665334438804;
18;94.68455908452306;
20;94.51474927416669;
3;93.91459781635109;
2;88.92360019600576;
0;0.0;
-1;0.0
1;0.0;
1;0.0;
1;0.0;
-1;0.0
-1;0.0
-1;0.0
-1;0.0
-1;0.0
0;0.0;
6;99.90942436707986;
6;99.90692748317966;
14;99.82205641356765;
2;96.65112656688432;
3;94.85724632142193;
2;93.83386767717516;
9;91.70665523620846;
2;91.65397105977975;
3;86.76403145272202;
2;84.30491372694516;
-1;0.0
-1;0.0
2;0.0;
0;0.0;
2;0.0;
1;0.0;
-1;0.0
1;0.0;
-1;0.0
2;0.0;
6;99.90942436707986;
11;99.83557699370739;
26;99.0528134082168;
2;96.00568024162584;
2;94.05411609989437;
14;93.97306412050442;
10;92.7186573592648;
2;92.69123975347705;
2;88.48421990939774;
13;88.05733115543447;
2;81.97144746622128;
2;57.06689804536978;
-1;0.0
1;0.0;
-1;0.0
1;0.0;
-1;0.0
-1;0.0
2;0.0;
-1;0.0
6;99.90942436707986;
64;97.17710255234094;
4;91.53304920347718;
16;90.93007596462749;
2;80.09369028237381;
2;0.0;
-1;0.0
-1;0.0
1;0.0;
1;0.0;
-1;0.0
-1;0.0
2;0.0;
-1;0.0
-1;0.0
1;0.0;
-1;0.0
-1;0.0
-1;0.0
-1;0.0
10;92.7186573592648;
1;0.0;
1;0.0;
-1;0.0
12;99.86133976087113;
-1;0.0
1;0.0;
1;0.0;
-1;0.0
-1;0.0
1;0.0;
2;0.0;
-1;0.0
2;92.94663201016702;
1;0.0;
2;0.0;
1;0.0;
-1;0.0
4;92.92895138909347;
3;0.0;
4;99.92657274071996;
7;99.90278676060157;
11;99.83958282661071;
14;97.93063606511282;
2;91.66189025773375;
2;81.97144746622128;
-1;0.0
-1;0.0
1;0.0;
-1;0.0
-1;0.0
-1;0.0
-1;0.0
1;0.0;
-1;0.0
2;0.0;
-1;0.0
-1;0.0
1;0.0;
-1;0.0
4;99.92657274071996;
9;99.8405171883964;
5;99.42446108047746;
3;94.613851652438;
2;93.89716525406412;
4;93.44984557574605;
2;85.9530183560635;
2;79.15861737407556;
-1;0.0
2;0.0;
1;0.0;
1;0.0;
-1;0.0
2;0.0;
1;0.0;
1;0.0;
1;0.0;
-1;0.0
1;0.0;
-1;0.0
4;99.92657274071996;
6;99.9066463727876;
32;96.83772233983163;
20;94.51474927416669;
2;93.3142465476657;
2;79.45516034907585;
2;77.82501702633262;
-1;0.0
2;0.0;
-1;0.0
-1;0.0
-1;0.0
-1;0.0
3;0.0;
-1;0.0
1;0.0;
-1;0.0
-1;0.0
-1;0.0
-1;0.0
4;99.92657274071996;
11;99.83557699370739;
26;99.0528134082168;
3;94.38133026785988;
2;93.10878989904941;
2;92.53281115640715;
2;88.92360019600576;
3;85.87409577305954;
2;81.97144746622128;
-1;0.0
-1;0.0
-1;0.0
-1;0.0
1;0.0;
-1;0.0
-1;0.0
-1;0.0
1;0.0;
-1;0.0
-1;0.0
4;99.92657274071996;
6;99.90200381284272;
7;99.89602228197475;
5;99.42446108047746;
2;95.67796920570902;
4;92.28030522439221;
2;69.43568160114751;
-1;0.0
1;0.0;
1;0.0;
2;0.0;
-1;0.0
-1;0.0
-1;0.0
1;0.0;
-1;0.0
1;0.0;
-1;0.0
-1;0.0
2;0.0;
3;99.97150312243164;
32;96.83772233983163;
2;91.22941980692971;
3;90.81468567571427;
2;90.23848666579013;
2;86.6597613136441;
3;81.93104064004484;
2;80.09369028237381;
2;58.5008114771544;
2;0.0;
0;0.0;
1;0.0;
1;0.0;
1;0.0;
3;0.0;
1;0.0;
1;0.0;
1;0.0;
1;0.0;
-1;0.0
3;99.97870644942533;
5;99.86689226862417;
64;97.17710255234094;
208;96.83772233983163;
14;90.01302411027056;
5;88.81745897263109;
3;86.71158618577542;
2;85.19081844869358;
2;81.97144746622128;
-1;0.0
-1;0.0
-1;0.0
-1;0.0
-1;0.0
1;0.0;
-1;0.0
-1;0.0
1;0.0;
1;0.0;
-1;0.0
3;99.97870644942533;
4;99.92267261034615;
4;99.89269623319693;
128;96.97665334438804;
2;83.52061809259848;
2;74.77436710860138;
-1;0.0
-1;0.0
-1;0.0
-1;0.0
2;0.0;
-1;0.0
1;0.0;
-1;0.0
-1;0.0
-1;0.0
1;0.0;
1;0.0;
-1;0.0
-1;0.0
3;99.97870644942533;
3;99.97150312243164;
17;99.32471991370156;
2;96.00568024162584;
2;88.06385772144279;
3;85.87409577305954;
3;85.87409577305954;
2;0.0;
-1;0.0
-1;0.0
1;0.0;
-1;0.0
-1;0.0
-1;0.0
-1;0.0
-1;0.0
-1;0.0
1;0.0;
-1;0.0
1;0.0;
2;93.83386767717516;
4;99.91732068147311;
1;0.0;
-1;0.0
1;0.0;
2;81.97144746622128;
-1;0.0
1;0.0;
-1;0.0
-1;0.0
-1;0.0
-1;0.0
1;0.0;
-1;0.0
1;0.0;
-1;0.0
2;0.0;
-1;0.0
1;0.0;
2;72.8062958642207;
4;99.91732068147311;
6;99.90942436707986;
2;92.595968343958;
6;91.37601571899432;
2;90.99425950550678;
2;81.97144746622128;
2;81.97144746622128;
2;0.0;
-1;0.0
1;0.0;
-1;0.0
-1;0.0
-1;0.0
-1;0.0
-1;0.0
1;0.0;
-1;0.0
1;0.0;
-1;0.0
1;0.0;
4;99.91732068147311;
6;99.90200436556943;
5;99.83065365800098;
64;97.17710255234094;
208;96.83772233983163;
2;88.97802738247258;
2;86.88039957266115;
2;78.0738444433815;
2;56.946621042087365;
1;0.0;
-1;0.0
-1;0.0
-1;0.0
1;0.0;
2;0.0;
-1;0.0
2;0.0;
-1;0.0
-1;0.0
-1;0.0
6;99.920493882994;
6;99.90942436707986;
7;99.89602228197475;
64;97.17710255234094;
32;96.83772233983163;
2;95.58280402902469;
3;92.95262338583002;
2;86.09424040405808;
2;85.72082406786411;
2;76.82403620978788;
1;0.0;
1;0.0;
-1;0.0
-1;0.0
-1;0.0
1;0.0;
-1;0.0
-1;0.0
-1;0.0
-1;0.0
6;99.920493882994;
2;91.92934633655867;
2;74.77436710860138;
2;57.06689804536978;
-1;0.0
-1;0.0
-1;0.0
-1;0.0
1;0.0;
1;0.0;
1;0.0;
1;0.0;
-1;0.0
1;0.0;
2;0.0;
-1;0.0
2;0.0;
0;0.0;
-1;0.0
1;0.0;
6;99.920493882994;
7;99.84898752809029;
32;96.83772233983163;
3;95.98627839506155;
2;93.824611987929;
20;91.13322226620694;
3;85.87409577305954;
2;85.28160166285636;
2;84.58500162272593;
3;67.5510354001294;
-1;0.0
-1;0.0
-1;0.0
-1;0.0
-1;0.0
1;0.0;
-1;0.0
-1;0.0
1;0.0;
-1;0.0
4;99.92657274071996;
4;99.91732068147311;
8;99.89800173901827;
15;99.06485270288955;
32;96.83772233983163;
2;94.64314546219532;
2;94.02855347035344;
2;92.9365875485673;
3;86.31751968958157;
2;76.82403620978788;
-1;0.0
-1;0.0
1;0.0;
3;0.0;
-1;0.0
-1;0.0
-1;0.0
-1;0.0
1;0.0;
3;0.0;
4;99.92657274071996;
32;96.83772233983163;
3;95.69358655988168;
3;92.95262338583002;
2;88.9294764081775;
3;86.71158618577542;
2;56.946621042087365;
-1;0.0
-1;0.0
2;0.0;
2;0.0;
2;0.0;
1;0.0;
1;0.0;
-1;0.0
-1;0.0
-1;0.0
1;0.0;
1;0.0;
2;0.0;
4;99.92657274071996;
5;99.7884899012692;
2;92.94663201016702;
2;90.58471552135622;
2;79.45516034907585;
-1;0.0
-1;0.0
1;0.0;
-1;0.0
2;0.0;
1;0.0;
-1;0.0
-1;0.0
2;0.0;
-1;0.0
-1;0.0
1;0.0;
0;0.0;
-1;0.0
1;0.0;
4;99.92657274071996;
6;99.9066463727876;
8;99.28717937610084;
32;96.83772233983163;
32;96.83772233983163;
2;94.72943733796897;
4;92.94707924007083;
3;92.52921623773796;
5;91.12797298625779;
8;89.08303586074368;
5;88.81745897263109;
29;86.22384077857804;
2;81.97144746622128;
2;80.09369028237381;
1;0.0;
-1;0.0
-1;0.0
-1;0.0
1;0.0;
-1;0.0
-1;0.0
4;99.88043934083544;
3;95.77940708111387;
1;0.0;
3;0.0;
2;0.0;
0;0.0;
-1;0.0
0;0.0;
3;94.52986968559411;
7;99.81030931684401;
10;86.41449812498672;
-1;0.0
4;97.7296169540675;
32;96.83772233983163;
2;0.0;
1;0.0;
-1;0.0
2;80.09369028237381;
-1;0.0
4;99.88043934083544;
11;99.83958282661071;
7;99.81030931684401;
4;94.5823901634057;
3;93.93853852702951;
3;91.36660325008215;
2;72.8062958642207;
2;59.32039111799241;
2;0.0;
-1;0.0
0;0.0;
-1;0.0
-1;0.0
-1;0.0
-1;0.0
1;0.0;
2;0.0;
-1;0.0
1;0.0;
2;0.0;
5;99.92182792189223;
8;99.89800173901827;
9;99.87754069241976;
2;94.56366794816692;
3;94.5301723610224;
12;90.34565281077775;
2;90.08243455562724;
2;83.27059413050756;
2;57.06689804536978;
-1;0.0
-1;0.0
-1;0.0
1;0.0;
-1;0.0
-1;0.0
1;0.0;
-1;0.0
-1;0.0
1;0.0;
0;0.0;
5;99.92182792189223;
5;99.42446108047746;
208;96.83772233983163;
18;94.68455908452306;
6;92.8327293505766;
6;92.8327293505766;
2;91.33875247198682;
2;91.18009118565267;
2;83.50353879125615;
-1;0.0
-1;0.0
2;0.0;
2;0.0;
-1;0.0
-1;0.0
-1;0.0
-1;0.0
1;0.0;
-1;0.0
0;0.0;
4;99.92657274071996;
14;98.05754835284293;
2;94.5297098729525;
2;91.93631054152276;
2;91.37017888418038;
12;90.71313819733615;
2;89.09428217493586;
2;83.52061809259848;
2;78.0738444433815;
-1;0.0
1;0.0;
-1;0.0
-1;0.0
-1;0.0
-1;0.0
-1;0.0
-1;0.0
1;0.0;
0;0.0;
1;0.0;
4;99.92657274071996;
6;99.9066463727876;
5;99.85082418748281;
9;99.8405171883964;
10;99.73516386255889;
8;92.64949010907728;
2;83.52061809259848;
2;83.50353879125615;
-1;0.0
-1;0.0
1;0.0;
-1;0.0
-1;0.0
-1;0.0
-1;0.0
1;0.0;
-1;0.0
-1;0.0
-1;0.0
-1;0.0
4;99.92657274071996;
4;99.88043934083544;
7;99.8482952323366;
14;99.82205641356765;
11;99.7673197007609;
13;99.33447858840435;
3;94.52986968559411;
2;83.52061809259848;
3;83.06245157329074;
2;80.09369028237381;
1;0.0;
-1;0.0
-1;0.0
-1;0.0
-1;0.0
-1;0.0
1;0.0;
1;0.0;
1;0.0;
-1;0.0
4;99.92657274071996;
8;99.91279727537542;
6;99.90955777262309;
6;99.9066463727876;
7;99.87156593021867;
4;98.55687454304645;
2;96.02464573547181;
2;95.91633609208111;
3;95.20879940290574;
3;94.20368114964137;
43;92.76383017593108;
6;91.37601571899432;
2;88.92360019600576;
-1;0.0
-1;0.0
0;0.0;
1;0.0;
-1;0.0
-1;0.0
-1;0.0
4;99.92657274071996;
6;99.90692748317966;
9;99.51000366065793;
64;97.17710255234094;
32;96.83772233983163;
32;96.83772233983163;
3;95.87957178284834;
2;95.57406639748449;
4;92.95398440201484;
3;90.54634598379292;
2;81.97144746622128;
3;67.5510354001294;
2;59.32039111799241;
-1;0.0
-1;0.0
1;0.0;
-1;0.0
-1;0.0
1;0.0;
-1;0.0
4;99.92657274071996;
22;99.79977624513772;
9;98.27814313026856;
32;96.83772233983163;
2;96.8313787473776;
16;93.55954828742658;
5;93.21099897043578;
10;92.7186573592648;
2;91.4283658214995;
16;90.93007596462749;
2;89.124587721671;
2;88.92360019600576;
2;87.6912637622068;
2;57.06689804536978;
-1;0.0
1;0.0;
-1;0.0
2;0.0;
2;0.0;
1;0.0;
