Attribute1,Attribute2,Attribute3,Attribute4,Attribute5,Attribute6,Attribute7,Attribute8,Attribute9,Attribute10,Attribute11,Attribute12,Cluster
45.652174,74.171429,50.27933,40.244731,6.170421,2.662941,22.908768,23.445212,16.115931,3.10559,9.687262,5.5581,C1
17.391304,69.257143,46.927374,15.363698,8.129285,2.645633,10.082938,5.231984,24.367731,43.478261,40.554284,9.60452,C1
45.652174,39.771429,41.340782,31.475187,27.032321,17.186727,7.896919,1.809806,64.2422,40.993789,28.273583,28.004275,C1
47.826087,69.142857,59.217877,44.255608,4.799216,21.451884,16.350711,16.238894,12.313088,0.621118,6.661581,2.443121,C1
32.608696,50.171429,62.011173,23.24949,4.015671,4.366532,10.337678,18.887792,21.229463,8.695652,10.297483,5.145824,C1
17.391304,81.714286,70.391061,19.646499,8.716944,4.289882,10.041469,2.336295,23.537013,24.223602,29.64658,47.320202,C1
8.695652,46.285714,53.072626,33.378654,10.186092,27.611018,22.778436,47.663705,33.108732,12.42236,17.289601,12.566804,C1
6.521739,34.742857,46.368715,39.021074,6.268364,1.987934,38.193128,29.64791,25.447665,9.937888,11.492499,13.055428,C1
4.347826,64.8,37.988827,39.089055,6.268364,3.192068,9.2891,7.535373,27.709064,57.763975,17.54386,98.167659,C1
39.130435,82.742857,47.486034,30.387492,2.056807,4.289882,2.547393,0.098717,9.497877,11.801242,36.918383,10.719194,C1
52.173913,31.314286,19.553073,20.054385,9.50049,1.273366,40.663507,5.791379,13.928374,4.347826,9.687262,2.519469,C1
45.652174,31.771429,15.083799,32.834806,2.44858,0.721986,75.444313,0.658111,5.704264,4.347826,17.137046,4.046419,C1
47.826087,71.428571,72.625698,73.691366,1.762977,8.626743,0,9.591971,5.011999,15.310559,9.50928,4.412887,C1
45.652174,62.971429,60.335196,40.244731,2.44858,2.920087,89.259479,0.575847,6.165774,4.968944,10.882278,9.741945,C1
50,44.685714,27.932961,21.685928,7.05191,2.920087,12.168246,4.096742,48.412405,5.590062,15.128401,3.954802,C1
45.652174,78.057143,40.782123,47.246771,3.232125,4.289882,3.631517,32.017111,12.026952,6.21118,11.950165,18.430295,C1
67.391304,60.457143,43.01676,37.457512,2.938296,6.317377,4.117299,1.414939,12.026952,9.31677,11.492499,3.389831,C1
47.826087,8.685714,22.346369,32.834806,49.265426,34.860548,76.214455,35.850609,41.942034,3.726708,17.137046,6.733852,C1
8.695652,57.257143,31.843575,16.247451,11.65524,14.454554,17.464455,54.508062,37.105409,18.63354,12.22985,24.812949,C1
32.608696,67.657143,67.597765,44.255608,0,8.132232,29.259479,2.945048,9.64556,4.347826,15.738622,17.437777,C1
34.782609,76.457143,62.011173,26.376615,3.036239,1.273366,5.580569,32.576505,29.112055,8.695652,30.256801,26.248282,C1
8.695652,63.085714,76.536313,52.209381,7.835455,22.485412,41.469194,4.508062,13.30995,57.763975,25.095347,34.951901,C1
2.173913,77.6,73.184358,40.924541,9.598433,10.876768,18.957346,8.078315,46.520214,93.167702,14.51818,77.09574,C1
15.217391,72.114286,91.061453,32.834806,11.557297,1.560182,27.464455,11.286607,22.789367,14.906832,33.282482,27.347687,C1
45.652174,79.428571,56.424581,37.457512,5.093046,8.406686,8.649289,1.233959,16.457449,15.52795,100,48.236372,C1
56.521739,48.457143,26.815642,36.913664,2.742409,11.927604,8.489336,16.765383,10.587041,2.484472,11.492499,1.86288,C1
32.608696,63.542857,43.575419,41.264446,8.227228,13.880922,2.962085,23.659098,21.515599,8.074534,11.772184,5.710796,C1
56.521739,49.6,43.01676,33.854521,1.469148,5.936604,0.75237,3.520895,18.995754,13.664596,9.07704,1.588029,C1
26.086957,58.857143,30.726257,56.560163,6.75808,14.800712,6.694313,12.882527,36.108547,9.937888,24.205441,6.672774,C1
39.130435,2.514286,10.614525,60.978926,32.908913,37.051231,7.624408,66.304705,89.403729,52.173913,18.611747,15.238968,C1
23.913043,88,46.927374,22.5017,2.742409,5.936604,3.572275,16.222442,17.408159,7.670807,11.772184,39.074668,C1
39.130435,56,10.055866,34.194426,4.60333,2.645633,4.905213,0.674564,13.29149,7.670807,35.697941,8.550924,C1
30.434783,64.114286,45.251397,32.019035,17.531832,6.485511,20.622038,2.945048,17.43585,8.695652,33.892703,4.046419,C1
58.695652,6.285714,6.145251,67.709041,43.584721,53.127782,31.143365,60.496874,56.959572,15.52795,11.390796,16.903344,C1
34.782609,39.428571,27.932961,34.194426,8.716944,7.308872,2.28673,5.248437,4.042828,10.559006,28.451564,24.324324,C1
45.652174,63.542857,38.547486,48.334466,3.525955,17.053209,3.631517,21.53669,11.740816,5.590062,7.856598,2.855398,C1
52.173913,46.4,56.98324,26.03671,9.304603,14.281476,3.708531,10.52978,16.882038,4.968944,13.907958,3.389831,C1
65.217391,55.085714,24.581006,16.043508,2.44858,2.37118,25.604265,1.809806,1.264538,2.919255,13.297737,13.421896,C1
56.521739,51.771429,51.955307,10.740993,0.587659,4.843735,28.720379,1.233959,4.975078,4.347826,14.51818,16.552145,C1
47.826087,48.228571,27.374302,30.523453,3.721841,0.175551,34.058057,1.809806,6.331918,2.484472,11.79761,14.628188,C1
0,64.685714,37.988827,20.870156,9.892262,15.290278,23.39455,42.086213,75.743031,26.708075,13.323163,34.341121,C1
47.826087,70.514286,22.346369,34.330387,2.840353,1.822273,6.74763,1.233959,5.06738,1.863354,11.79761,14.460223,C1
60.869565,34.514286,25.139665,59.347383,8.619001,5.340718,14.218009,23.659098,18.645006,2.484472,12.102721,2.030844,C1
45.652174,49.485714,26.815642,53.840925,4.799216,10.221541,1.291469,31.605791,26.693742,4.968944,23.59522,3.359291,C1
52.173913,64.571429,36.871508,18.694765,4.211557,16.148254,31.232227,2.928595,9.460956,5.590062,13.907958,2.198809,C1
13.043478,70.857143,36.312849,29.57172,9.892262,5.387697,33.637441,13.770977,38.286875,21.118012,39.944063,29.42434,C1
56.521739,6.628571,12.290503,54.860639,55.729677,67.552665,16.119668,41.674893,37.63153,30.434783,13.679125,21.34677,C1
32.608696,61.828571,57.541899,23.24949,3.721841,2.902779,10.337678,25.255018,15.765184,4.347826,13.323163,5.054207,C1
56.521739,64.228571,60.335196,15.159755,2.44858,2.096726,19.85782,16.238894,19.937235,1.863354,16.882787,4.382348,C1
23.913043,68.228571,41.899441,47.790619,10.284035,14.167738,9.218009,1.233959,20.251061,18.012422,21.612001,38.158497,C1
50,76.457143,33.519553,17.878994,8.423115,3.192068,9.43128,5.791379,16.143622,7.670807,21.789982,3.847916,C1
28.26087,64.914286,42.458101,18.354861,6.268364,1.822273,20.622038,3.520895,23.41702,14.285714,41.749301,6.535349,C1
41.304348,5.371429,18.435754,75.526852,42.997062,36.391059,2.079384,46.248766,83.542551,4.968944,18.611747,21.606352,C1
67.391304,75.2,76.536313,21.14208,10.479922,5.924241,17.446682,23.659098,13.180727,2.484472,10.297483,1.786532,C1
36.956522,63.428571,46.927374,43.439837,6.75808,6.317377,2.535545,22.60612,22.95551,4.347826,18.052377,6.336845,C1
15.217391,82.742857,55.307263,15.907546,6.856024,2.645633,28.767773,6.367226,23.41702,24.223602,24.815662,13.192854,C1
58.695652,49.714286,31.843575,14.887831,1.958864,7.034418,1.765403,0.098717,1.901421,3.10559,20.56954,2.824859,C1
56.521739,58.285714,44.692737,35.825969,8.031342,12.038869,7.008294,7.897335,1.098394,2.484472,7.271803,3.939533,C1
60.869565,37.714286,22.346369,42.828008,10.284035,3.706359,19.158768,33.201711,20.943327,2.484472,6.05136,1.740724,C1
26.086957,62.4,51.396648,64.10605,14.691479,38.952626,5.580569,12.537019,19.789551,6.21118,15.128401,5.405405,C1
30.434783,49.371429,51.955307,26.104691,4.89716,20.386213,54.709716,4.590326,12.599225,7.453416,19.069413,12.856925,C1
8.695652,75.542857,44.134078,37.117607,33.398629,7.034418,9.798578,9.213557,72.152483,15.52795,14.263921,17.697358,C1
56.521739,10.514286,37.988827,42.895989,9.892262,9.709722,2.731043,19.200395,13.900683,6.832298,5.441139,4.870973,C1
6.521739,64.914286,50.837989,40.924541,18.805093,6.80447,21.806872,51.201053,50.286136,70.186335,9.687262,48.999847,C1
47.826087,61.485714,67.597765,26.716519,0.587659,4.015429,6.327014,2.385653,14.943696,0,12.712942,16.521606,C1
0,75.085714,56.98324,52.073419,25.954946,7.155573,40.545024,45.903258,82.785675,93.78882,9.07704,58.314246,C1
60.869565,6.171429,13.407821,63.902107,26.542605,50.111265,9.03436,59.098388,67.574303,38.509317,11.390796,86.257444,C1
28.26087,12.8,30.167598,23.385452,30.754163,19.379883,2.126777,1.233959,68.035813,27.329193,29.392321,10.688655,C1
47.826087,43.771429,46.368715,40.244731,5.778648,8.513006,5.053318,16.238894,11.45468,9.31677,11.212815,7.650023,C1
39.130435,82.4,52.513966,23.24949,3.721841,3.192068,5.870853,2.385653,13.29149,6.832298,16.933638,6.459001,C1
63.043478,56.914286,40.223464,12.440517,4.113614,1.547819,9.851896,0.098717,10.762415,4.347826,21.789982,11.940754,C1
47.826087,73.142857,62.569832,26.104691,3.819785,2.967066,39.188389,14.116486,9.728632,3.726708,12.102721,6.840739,C1
34.782609,55.771429,44.692737,59.211421,8.619001,72.475522,8.898104,59.312274,20.435665,9.31677,16.933638,5.542831,C1
2.173913,81.942857,64.804469,52.073419,12.830558,48.187617,50.533175,28.430405,29.859701,91.925466,7.271803,43.04474,C1
4.347826,56.685714,49.72067,40.924541,11.557297,8.81713,31.220379,24.679171,36.773122,68.198758,7.856598,28.920446,C1
58.695652,58.4,62.011173,42.895989,7.149853,12.825141,4.111374,20.483712,11.159313,4.968944,2.72057,2.259887,C1
28.26087,69.942857,53.631285,40.244731,4.3095,6.485511,37.251185,1.809806,11.390068,10.559006,8.136283,14.170102,C1
10.869565,47.2,44.134078,49.422162,6.75808,8.57482,25.716825,37.726226,28.115193,11.801242,15.738622,11.528478,C1
0,49.828571,11.173184,85.112169,8.031342,24.240926,22.488152,53.882856,76.416836,53.198758,11.085685,71.446022,C1
56.521739,2.057143,34.078212,69.00068,10.381978,45.848581,9.994076,84.172425,68.478863,12.42236,11.390796,10.322187,C1
41.304348,53.142857,63.128492,73.011557,4.211557,0.202749,0.900474,21.470879,20.694111,18.012422,15.738622,2.947015,C1
13.043478,53.142857,32.960894,38.00136,13.320274,23.395312,30.716825,30.552813,17.777368,26.552795,29.392321,12.765308,C1
47.826087,69.371429,60.893855,26.104691,3.917728,1.241222,40.959716,15.169464,14.611409,2.484472,12.102721,5.771874,C1
8.695652,82.857143,83.240223,92.92998,5.582762,46.906834,5.811611,3.537348,28.41979,45.186335,32.519705,41.823179,C1
21.73913,65.714286,35.75419,33.378654,15.181195,7.781129,28.347156,40.605462,25.253831,14.285714,21.179761,17.437777,C1
47.826087,75.314286,37.430168,36.233855,7.247796,4.445653,4.135071,36.903587,24.967694,3.726708,10.297483,2.580547,C1
21.73913,82.514286,77.653631,28.687967,6.366308,18.68015,8.637441,23.165515,16.660513,18.012422,19.374523,9.833562,C1
43.478261,70.4,84.357542,48.878314,5.582762,0,0,11.862455,9.664021,9.31677,30.867023,8.779966,C1
26.086957,43.771429,36.312849,43.983685,5.876592,10.221541,0.088863,25.781507,32.158021,22.981366,28.527841,9.482364,C1
65.217391,7.657143,5.027933,24.541128,28.795299,22.94778,7.861374,16.057914,44.304966,13.043478,16.781083,13.421896,C1
26.086957,62.4,53.072626,46.702923,13.712047,41.909801,5.580569,15.712405,15.192911,5.590062,16.348843,5.344327,C1
60.869565,51.085714,77.094972,6.594154,4.113614,4.838789,4.300948,1.233959,5.916559,2.484472,18.154081,7.711101,C1
21.73913,79.885714,78.77095,18.966689,2.644466,7.526456,10.349526,2.385653,19.937235,19.875776,9.50928,15.78867,C1
34.782609,68.342857,55.307263,32.834806,3.721841,3.080803,40.396919,4.656137,13.29149,4.347826,17.137046,11.055123,C1
47.826087,70.628571,59.776536,9.313392,1.762977,6.211057,1.119668,8.670615,9.17482,6.832298,11.187389,7.817987,C1
34.782609,61.028571,70.391061,40.244731,5.288932,9.242409,47.908768,1.118789,11.750046,7.453416,1.017035,10.429073,C1
67.391304,51.885714,30.726257,24.949014,0.979432,8.681139,3.720379,8.292201,23.730847,4.347826,13.907958,14.750344,C1
13.043478,76.342857,43.575419,23.24949,14.397649,3.211848,1.866114,51.727542,45.966402,60.869565,18.154081,17.376699,C1
78.26087,66.857143,70.391061,61.25085,1.958864,0.202749,1.409953,7.33794,5.002769,0.621118,10.297483,1.725454,C1
34.782609,61.485714,62.569832,48.878314,3.330069,24.317575,7.35782,0.098717,39.874469,6.832298,19.959319,3.282944,C1
21.73913,67.428571,55.307263,23.589395,5.778648,2.37118,2.790284,1.233959,11.713125,12.42236,11.772184,45.487861,C1
47.826087,57.257143,55.865922,44.255608,4.995103,19.973296,12.624408,17.308325,14.611409,4.347826,11.645055,3.939533,C1
60.869565,58.628571,39.106145,29.299796,2.840353,1.288201,21.013033,13.557091,7.467233,3.10559,7.271803,1.755993,C1
4.347826,63.2,42.458101,40.380693,26.738492,13.149046,28.287915,51.201053,45.680266,83.850932,9.07704,64.880134,C1
39.130435,6.971429,13.96648,48.878314,50.342801,20.868361,43.584123,53.882856,60.08861,20.341615,12.865497,9.940449,C1
34.782609,69.828571,67.039106,20.190347,2.938296,4.838789,18.785545,2.945048,14.943696,26.086957,15.738622,2.47366,C1
34.782609,58.857143,51.955307,3.602991,3.428012,11.423202,6.824645,15.547878,10.891637,9.937888,19.959319,3.237135,C1
30.434783,33.6,24.022346,59.755269,11.94907,4.279992,3.566351,21.010201,31.585749,19.254658,28.273583,8.99374,C1
17.391304,65.828571,81.564246,52.209381,5.484819,7.034418,51.741706,4.656137,20.887945,18.012422,11.187389,27.805772,C1
17.391304,64.914286,42.458101,19.442556,8.227228,4.838789,36.569905,12.059888,35.443973,19.875776,33.282482,28.462361,C1
28.26087,20.571429,48.603352,36.777702,7.443683,20.868361,50.059242,18.476473,16.448219,3.10559,10.475464,8.108108,C1
56.521739,0.342857,22.905028,46.906866,28.011753,58.616853,14.164692,67.110892,55.122762,14.285714,13.704551,2.351504,C1
0,62.514286,34.078212,13.188307,14.397649,15.290278,23.441943,40.835801,65.423666,27.950311,5.441139,34.951901,C1
23.913043,60.228571,41.899441,31.883073,3.819785,9.5045,3.353081,0.674564,17.721986,22.360248,23.59522,12.39884,C1
0,61.6,35.195531,11.012916,18.217434,15.290278,17.091232,42.694965,47.434004,29.813665,7.271803,35.868071,C1
73.913043,53.257143,45.810056,39.42896,0.391773,3.192068,14.377962,1.809806,5.288905,6.21118,10.882278,16.491067,C1
58.695652,73.6,68.156425,21.685928,0.881489,5.936604,4.780806,2.385653,10.762415,6.832298,14.314772,5.390136,C1
10.869565,62.971429,57.541899,48.878314,19.196866,8.389378,21.777251,30.552813,36.477755,14.906832,8.466819,22.186593,C1
43.478261,26.057143,21.22905,48.878314,11.753183,43.155969,5.479858,15.185916,14.611409,2.484472,10.831426,7.527867,C1
41.304348,91.314286,69.832402,54.316791,5.093046,7.034418,4.905213,7.502468,22.152483,12.42236,18.611747,4.000611,C1
8.695652,69.6,44.692737,37.117607,27.326151,6.485511,16.404028,9.789404,62.026952,56.521739,14.263921,18.613529,C1
19.565217,58.971429,39.106145,56.492182,9.20666,2.645633,21.741706,20.138203,29.268968,14.906832,8.466819,93.586807,C1
69.565217,61.142857,54.189944,44.255608,3.721841,2.096726,42.434834,15.482066,30.062765,4.813665,11.645055,7.43625,C1
52.173913,19.085714,49.72067,30.387492,9.304603,14.281476,18.619668,10.52978,16.882038,10.559006,14.314772,6.856009,C1
45.652174,45.828571,47.486034,26.03671,4.015671,16.778756,8.021327,4.508062,6.85804,7.453416,7.271803,2.046114,C1
71.73913,10.4,25.698324,40.244731,76.885406,3.73603,8.619668,15.811122,14.509876,1.863354,8.110857,21.468927,C1
39.130435,50.057143,38.547486,28.212101,4.799216,8.300366,26.030806,15.811122,28.355178,0.621118,3.635901,3.298213,C1
56.521739,52.342857,57.541899,48.878314,6.464251,8.389378,10.035545,18.361303,10.873177,3.10559,14.51818,3.954802,C1
8.695652,65.828571,40.223464,33.378654,10.284035,5.66215,19.046209,18.904245,22.46631,22.981366,17.289601,34.951901,C1
32.608696,79.542857,78.77095,48.878314,0.881489,11.151221,1.688389,1.233959,16.5036,8.074534,12.102721,20.995572,C1
60.869565,45.257143,26.256983,39.42896,6.856024,2.096726,40.290284,3.520895,8.860993,2.484472,11.924739,4.412887,C1
4.347826,60,39.106145,22.637661,12.047013,4.289882,11.74763,37.133926,42.717371,48.447205,12.687516,36.936937,C1
13.043478,61.714286,61.452514,33.378654,16.650343,2.104144,31.445498,25.419546,50.387668,20.496894,12.102721,92.212552,C1
19.565217,72.114286,41.340782,35.825969,8.716944,9.230046,23.003555,5.791379,31.013476,15.52795,12.941775,12.490457,C1
67.391304,75.085714,38.547486,13.732155,3.623898,2.096726,13.696682,0.098717,8.547166,2.484472,13.907958,8.825775,C1
34.782609,54.171429,41.899441,27.124405,21.841332,5.66215,8.317536,1.809806,31.761122,15.52795,22.2985,6.291037,C1
39.130435,75.771429,43.575419,31.475187,1.958864,4.838789,2.547393,0.674564,8.547166,9.937888,36.918383,5.512292,C1
23.913043,45.942857,40.782123,22.773623,4.113614,10.99545,8.157583,0.674564,21.515599,13.043478,32.519705,31.287219,C1
82.608696,55.885714,39.106145,19.510537,0.489716,4.838789,4.638626,3.520895,9.340964,9.31677,11.492499,0.93144,C1
52.173913,59.085714,30.167598,34.194426,4.701273,8.389378,2.494076,13.063508,11.897729,2.484472,12.102721,1.969766,C1
45.652174,82.4,44.134078,45.07138,2.252693,0.998912,3.631517,0.674564,15.192911,5.590062,11.950165,17.697358,C1
63.043478,21.828571,16.201117,39.42896,12.047013,2.967066,16.202607,36.377098,20.943327,4.968944,4.246123,7.13086,C1
30.434783,34.971429,36.312849,22.841604,6.953967,7.034418,1.445498,4.096742,22.420159,2.484472,22.984999,14.490762,C1
56.521739,46.4,22.346369,41.876275,2.742409,6.485511,1.119668,0.098717,6.018091,4.347826,14.441902,6.19942,C1
60.869565,2.857143,25.139665,90.210741,42.115573,65.201266,1.427725,32.576505,60.439358,16.149068,17.162471,28.508169,C1
39.130435,66.171429,30.726257,53.229096,10.577865,8.020967,4.140995,25.781507,19.217279,7.453416,18.154081,4.489235,C1
23.913043,30.171429,14.52514,15.363698,17.629775,34.472357,2.103081,4.656137,64.2422,71.428571,29.392321,19.331196,C1
67.391304,50.171429,30.726257,35.825969,2.15475,3.389872,1.824645,2.994406,10.587041,8.074534,8.466819,1.664376,C1
39.130435,21.942857,11.173184,35.282121,19.098923,11.697656,1.214455,5.791379,45.255677,13.167702,20.56954,11.910215,C1
8.695652,67.542857,42.458101,33.378654,10.675808,6.759964,51.93128,18.904245,23.730847,19.875776,17.289601,38.769278,C1
82.608696,40.114286,11.173184,95.10537,9.794319,16.321333,3.258294,19.957223,11.740816,4.347826,10.882278,2.030844,C1
39.130435,71.428571,55.865922,30.591434,1.665034,2.104144,0.473934,10.727213,5.935019,3.10559,14.51818,3.435639,C1
39.130435,57.257143,32.402235,37.32155,11.165524,4.685491,6.404028,30.273116,19.780321,4.347826,15.738622,2.962284,C1
23.913043,83.314286,46.927374,26.104691,4.407444,8.147068,46.030806,0.674564,8.233339,9.31677,28.451564,58.314246,C1
17.391304,70.285714,64.804469,52.209381,15.181195,12.79547,41.735782,9.789404,27.53369,76.397516,20.696669,89.616735,C1
56.521739,65.371429,37.988827,39.42896,3.623898,5.936604,19.721564,10.924646,11.390068,3.10559,20.56954,2.595816,C1
2.173913,43.314286,47.486034,58.191706,11.263467,7.981406,27.14455,9.772952,82.739524,77.018634,5.441139,50.068713,C1
4.347826,62.857143,37.430168,43.303875,13.907933,9.170705,32.150474,16.370517,35.720879,26.708075,1.220442,41.105512,C1
34.782609,53.142857,37.430168,38.341264,5.093046,6.072594,4.674171,16.238894,18.645006,19.875776,9.94152,5.008398,C1
60.869565,46.057143,40.782123,19.510537,3.330069,4.015429,9.03436,1.809806,7.467233,3.726708,15.128401,16.231486,C1
60.869565,56.8,44.692737,29.979606,3.134182,1.018693,15.781991,10.727213,5.325826,1.863354,11.492499,2.443121,C1
34.782609,76.457143,27.374302,25.3569,1.371205,22.124419,11.214455,12.717999,9.497877,15.52795,50.21612,3.832646,C1
26.086957,51.2,31.843575,38.545207,4.89716,1.681337,11.214455,24.712076,24.109286,16.770186,14.51818,8.99374,C1
21.73913,71.885714,90.502793,19.238613,6.562194,3.733558,9.046209,25.616979,13.199188,19.875776,16.933638,38.69293,C1
58.695652,76.571429,75.418994,27.124405,1.175318,4.564336,1.966825,2.385653,8.860993,3.726708,14.314772,7.176668,C1
45.652174,79.085714,72.067039,23.317471,6.170421,4.937692,8.062796,4.590326,9.433266,1.863354,7.856598,3.511987,C1
21.73913,59.542857,100,33.378654,7.05191,8.681139,7.399289,18.427114,25.21691,15.52795,12.102721,8.123378,C1
67.391304,61.6,35.75419,14.276003,1.860921,1.822273,1.706161,2.385653,5.695034,4.347826,14.51818,2.198809,C1
56.521739,56.685714,74.860335,39.632903,4.995103,1.288201,0.882701,38.417243,12.977663,1.863354,14.51818,3.069171,C1
47.826087,3.885714,11.173184,35.825969,38.099902,54.480269,4.2891,51.727542,38.489939,14.906832,13.679125,6.642235,C1
71.73913,69.714286,48.044693,40.244731,4.89716,4.690436,3.921801,16.765383,10.300905,1.242236,7.856598,2.702703,C1
17.391304,74.285714,45.251397,21.14208,7.345739,5.113243,27.553318,9.789404,43.354255,18.63354,53.2418,28.599786,C1
47.826087,67.428571,62.569832,26.104691,7.345739,14.058946,27.387441,15.712405,19.217279,4.347826,19.069413,10.932967,C1
63.043478,59.428571,45.251397,12.440517,4.113614,2.920087,8.311611,0.098717,13.928374,4.347826,22.400203,4.855703,C1
26.086957,55.885714,44.692737,38.545207,3.819785,0.462368,0.047393,1.941428,27.275245,12.42236,26.6209,6.856009,C1
30.434783,58.514286,53.631285,44.527532,8.619001,15.782316,10.485782,19.414281,11.45468,9.937888,28.527841,10.001527,C1
60.869565,54.971429,44.692737,35.825969,3.330069,2.104144,19.152844,12.981244,7.78106,1.863354,11.645055,2.214078,C1
6.521739,62.628571,50.837989,40.924541,20.274241,6.317377,29.952607,36.377098,33.02566,42.857143,11.492499,64.727439,C1
45.652174,49.371429,45.251397,44.255608,4.211557,14.612798,24.78673,28.956894,20.65719,6.21118,11.645055,4.214384,C1
56.521739,39.771429,57.541899,34.194426,4.995103,2.373652,1.475118,27.673577,12.977663,0.621118,14.51818,3.496717,C1
45.652174,86.857143,72.625698,45.615228,2.350637,12.429532,20.746445,0,2.252169,6.21118,29.265192,3.221866,C1
56.521739,34.171429,53.631285,34.194426,9.20666,3.192068,65.882701,8.654163,19.300351,6.21118,16.781083,36.478852,C1
34.782609,68.8,22.346369,57.919782,5.386876,4.010484,9.241706,11.00691,10.790105,9.31677,22.984999,4.748817,C1
56.521739,5.828571,39.664804,56.492182,57.296768,59.432796,13.631517,100,68.174266,4.347826,11.924739,5.115285,C1
56.521739,68.457143,62.569832,5.778382,1.762977,6.211057,8.062796,1.233959,7.467233,2.484472,18.764302,17.071309,C1
50,46.285714,24.581006,40.244731,6.464251,0.462368,33.513033,30.717341,15.765184,3.10559,3.635901,4.199114,C1
30.434783,64.228571,55.865922,26.104691,2.44858,19.122738,24.472749,3.537348,9.433266,19.875776,21.789982,10.780272,C1
8.695652,75.428571,50.27933,35.146159,19.784525,2.967066,8.945498,64.445541,39.643714,40.372671,17.54386,16.063521,C1
36.956522,45.6,45.810056,32.019035,5.974535,21.397488,11.824645,2.254031,13.614547,26.708075,28.527841,6.764392,C1
58.695652,3.542857,28.49162,50.509857,29.285015,45.171101,2.085308,30.306022,23.730847,5.590062,26.392067,4.168575,C1
52.173913,41.714286,23.463687,39.632903,6.660137,12.65948,19.822275,24.712076,15.192911,3.726708,13.907958,3.985341,C1
8.695652,77.6,62.011173,52.209381,5.386876,13.789437,52.174171,3.948667,5.325826,34.782609,6.661581,45.029776,C1
28.26087,60.457143,19.553073,54.452753,8.716944,16.321333,6.86019,22.60612,17.777368,12.42236,14.51818,7.848526,C1
2.173913,78.057143,72.067039,40.924541,11.459354,7.583325,29.004739,6.367226,34.179435,99.378882,13.907958,63.505879,C1
19.565217,66.742857,41.340782,47.790619,9.010774,2.096726,2.742891,20.138203,31.761122,17.391304,26.6209,65.33822,C1
13.043478,66.171429,40.223464,59.347383,8.716944,36.982,2.825829,25.781507,20.084918,15.52795,29.392321,20.537487,C1
26.086957,81.142857,91.061453,19.510537,0.979432,3.192068,1.380332,2.385653,27.090641,26.708075,9.07704,23.576118,C1
34.782609,100,60.335196,49.422162,9.598433,5.365444,15.278436,38.976637,67.038951,14.906832,7.271803,11.681173,C1
78.26087,53.6,54.748603,9.17743,1.665034,2.37118,2.772512,1.809806,4.744323,4.347826,19.374523,16.826996,C1
56.521739,56.685714,42.458101,31.475187,2.938296,11.43062,27.316351,11.434682,12.654606,7.453416,16.781083,5.298519,C1
45.652174,62.171429,57.541899,32.834806,15.083252,4.015429,48.400474,15.547878,47.646299,83.850932,17.137046,12.154527,C1
47.826087,80.114286,74.301676,24.745071,0.685602,11.697656,4.887441,3.520895,14.629869,3.10559,19.959319,17.269812,C1
56.521739,68.228571,74.860335,10.740993,1.762977,3.740975,8.062796,1.233959,6.221156,3.726708,19.959319,17.010231,C1
67.391304,66.742857,56.424581,40.244731,1.860921,2.920087,33.601896,2.385653,6.645745,11.801242,11.212815,28.630325,C1
63.043478,78.742857,54.189944,17.335146,1.077375,5.936604,2.328199,1.809806,7.596456,6.21118,13.679125,4.855703,C1
65.217391,62.971429,62.011173,44.255608,1.371205,6.211057,21.386256,32.576505,6.331918,3.10559,10.882278,16.429989,C1
52.173913,52.457143,62.011173,33.650578,5.876592,14.795767,21.066351,15.251728,1.753738,1.242236,9.07704,3.511987,C1
76.086957,70.857143,29.050279,40.244731,4.113614,16.07655,6.172986,1.941428,8.288721,0.621118,7.856598,1.969766,C1
43.478261,33.6,21.22905,48.878314,8.031342,37.545742,7.588863,14.659427,13.180727,3.10559,8.466819,5.313788,C1
45.652174,73.6,40.782123,9.925221,1.567091,3.740975,6.386256,10.315893,6.331918,6.832298,43.579964,3.206596,C1
39.130435,62.057143,62.569832,35.825969,3.036239,10.327861,14.561611,12.717999,16.771276,11.180124,53.2418,22.094976,C1
67.391304,59.657143,27.932961,35.825969,3.036239,1.439027,4.117299,4.063837,13.753,7.453416,12.102721,2.641625,C1
32.608696,70.057143,82.681564,28.755948,3.819785,2.104144,0.56872,4.508062,7.458003,11.801242,29.672006,8.337151,C1
34.782609,51.2,44.134078,21.685928,4.407444,20.752151,22.796209,0.575847,17.749677,9.937888,27.231121,12.169797,C1
23.913043,64.342857,47.486034,32.562882,5.582762,5.387697,13.335308,0.674564,26.269153,11.801242,50.826341,11.803329,C1
8.695652,84.685714,69.273743,52.209381,9.402547,4.937692,23.67891,35.850609,42.228171,21.73913,10.602593,31.745305,C1
34.782609,71.2,65.921788,48.878314,2.44858,22.398873,6.558057,8.078315,7.282629,8.695652,23.59522,4.611391,C1
13.043478,75.428571,46.927374,23.24949,11.263467,3.459104,4.300948,46.972688,42.228171,39.130435,14.51818,10.749733,C1
45.652174,56.914286,39.664804,47.790619,3.721841,12.172387,3.631517,18.887792,12.026952,6.832298,12.102721,2.931745,C1
43.478261,7.885714,67.039106,73.351462,31.537708,15.144397,0.059242,58.193485,29.83201,16.149068,8.466819,19.987784,C1
56.521739,71.2,20.670391,23.045547,10.773751,4.289882,29.312796,14.906219,37.022337,11.180124,18.154081,13.31501,C1
52.173913,66.742857,39.106145,28.552005,5.386876,10.080605,20.207346,4.179006,9.793243,6.21118,16.933638,2.397313,C1
8.695652,60.571429,56.424581,63.018355,5.778648,17.859262,1.374408,2.994406,24.681558,32.204969,32.519705,30.065659,C1
56.521739,71.428571,41.899441,26.03671,6.562194,2.920087,2.079384,2.336295,8.390253,2.484472,15.128401,2.320965,C1
10.869565,34.514286,35.75419,66.281441,4.505387,32.177826,25.7109,34.254689,31.013476,26.304348,52.962115,12.459918,C1
56.521739,58.285714,58.100559,40.244731,0.881489,2.37118,31.682464,1.233959,4.356655,0.621118,9.687262,4.886242,C1
30.434783,64.114286,34.636872,40.244731,4.015671,12.825141,8.838863,25.781507,21.229463,3.726708,9.687262,8.123378,C1
10.869565,59.2,56.98324,54.452753,18.805093,6.416279,20.065166,33.201711,26.407606,12.42236,12.102721,22.888991,C1
10.869565,56.685714,40.782123,48.878314,6.464251,8.57482,25.716825,27.163541,31.696511,13.043478,18.764302,10.429073,C1
32.608696,45.142857,59.217877,23.24949,3.721841,8.757789,10.337678,18.361303,15.479047,9.937888,19.476227,5.87876,C1
58.695652,60.342857,53.631285,40.176751,6.660137,10.607259,4.78673,25.255018,15.479047,0.931677,2.110348,2.534738,C1
56.521739,43.2,24.581006,41.876275,2.644466,7.857779,1.972749,0.098717,6.018091,3.10559,14.441902,7.100321,C1
23.913043,69.714286,45.810056,45.615228,9.010774,2.80635,22.369668,8.654163,17.085102,13.664596,21.73913,11.14674,C1
41.304348,59.542857,34.636872,88.71516,3.525955,2.648106,1.9609,10.727213,20.694111,8.074534,13.907958,4.855703,C1
56.521739,9.942857,48.603352,35.825969,6.562194,12.429532,3.163507,3.471537,16.374377,15.52795,13.679125,6.19942,C1
56.521739,66.857143,60.893855,26.580557,6.562194,0.202749,2.381517,1.7769,9.61787,2.484472,16.348843,2.091922,C1
2.173913,74.171429,73.743017,40.924541,9.598433,7.308872,35.5391,7.502468,29.425881,84.47205,18.154081,55.260345,C1
78.043478,58.628571,40.782123,40.244731,7.443683,6.56216,30.586493,7.666996,11.44545,2.57764,8.110857,4.779356,C1
8.695652,75.085714,70.949721,52.209381,11.165524,7.894867,23.104265,37.956565,42.514307,20.496894,9.07704,34.341121,C1
50,61.485714,49.72067,21.685928,4.799216,4.289882,11.013033,4.656137,9.17482,7.670807,23.59522,1.618568,C1
26.086957,85.714286,43.575419,23.24949,11.94907,3.211848,1.996445,45.376769,30.145837,8.074534,14.51818,7.359902,C1
45.652174,69.714286,3.351955,23.861319,5.288932,6.416279,7.381517,16.765383,10.587041,3.726708,9.687262,4.6572,C1
17.391304,79.771429,38.547486,23.113528,9.108717,3.466522,15.130332,5.26489,48.836995,31.055901,21.612001,53.275309,C1
32.608696,59.542857,82.122905,33.650578,3.623898,1.832163,18.388626,4.508062,7.153406,13.043478,16.348843,7.497328,C1
43.478261,53.257143,41.340782,31.475187,6.856024,100,5.189573,19.414281,12.885361,16.149068,10.450038,6.886548,C1
13.043478,69.257143,32.960894,33.378654,9.010774,6.759964,17.055687,21.158276,38.286875,17.391304,45.385202,16.842266,C1
23.913043,63.2,49.162011,49.96601,13.907933,4.737415,13.767773,20.039487,22.46631,13.043478,21.73913,37.700412,C1
21.73913,70.742857,93.296089,18.218899,6.170421,1.560182,9.087678,22.342876,15.100609,40.372671,26.6209,29.775538,C1
60.869565,78.285714,53.631285,47.246771,5.680705,4.690436,3.157583,23.132609,14.906775,2.484472,9.07704,1.801802,C1
34.782609,61.485714,37.430168,38.341264,3.721841,6.072594,3.619668,15.712405,17.491231,22.360248,14.51818,3.695221,C1
32.608696,83.428571,88.826816,13.664174,1.273262,2.096726,12.523697,2.945048,13.079195,6.21118,7.856598,20.705451,C1
67.391304,72.571429,56.424581,40.244731,0.783546,2.096726,27.203791,0.098717,2.215248,6.832298,10.297483,16.750649,C1
45.652174,72.914286,41.340782,19.510537,3.036239,2.37118,5.047393,0.674564,25.318442,7.453416,28.273583,4.687739,C1
23.913043,58.514286,39.664804,42.352141,14.10382,17.186727,15.651659,0.674564,39.560642,23.602484,21.612001,47.014811,C1
13.043478,58.971429,45.251397,51.053705,5.484819,2.096726,21.830569,14.412636,13.079195,22.981366,8.466819,77.859215,C1
30.434783,68,37.430168,42.352141,6.268364,2.657996,5.580569,18.361303,20.65719,13.043478,31.477244,5.237441,C1
8.695652,54.742857,55.865922,33.378654,9.304603,2.526951,15.082938,38.976637,28.115193,14.906832,12.102721,12.429379,C1
71.73913,65.142857,33.519553,43.439837,3.623898,7.511621,13.696682,15.185916,10.014768,3.726708,7.271803,1.908688,C1
30.434783,38.285714,45.810056,26.03671,14.10382,24.114825,64.123223,44.060546,44.009599,27.950311,29.392321,12.39884,C1
47.826087,49.485714,27.932961,36.913664,2.840353,14.79824,2.772512,22.063179,15.100609,18.63354,26.392067,3.374561,C1
56.521739,53.257143,20.670391,33.78654,2.546523,9.230046,1.925355,8.292201,30.062765,6.21118,15.026697,2.626355,C1
56.521739,51.771429,29.608939,35.282121,3.525955,12.65948,7.719194,15.712405,10.873177,1.242236,12.102721,2.504199,C1
13.043478,75.314286,39.106145,23.24949,14.299706,2.967066,4.111374,52.796973,56.036552,23.602484,13.907958,21.697969,C1
58.695652,61.371429,65.921788,42.895989,7.443683,9.128672,5.96564,18.887792,9.728632,1.242236,3.02568,2.504199,C1
23.913043,56.914286,55.307263,16.247451,4.407444,14.612798,10.023697,26.834485,17.777368,9.937888,10.297483,8.779966,C1
45.652174,61.485714,47.486034,44.255608,3.232125,11.927604,29.531991,21.010201,17.195865,4.347826,15.128401,2.382043,C1
56.521739,59.542857,85.47486,41.808294,3.819785,3.733558,1.718009,16.370517,8.381023,0.621118,11.492499,2.046114,C1
47.826087,68.114286,25.698324,33.78654,2.840353,0.450005,8.625592,1.233959,6.018091,2.484472,11.79761,13.605131,C1
67.391304,76.457143,58.100559,40.244731,0.685602,3.466522,26.214455,9.049029,0,2.484472,9.687262,17.086578,C1
10.869565,22.742857,49.72067,47.246771,7.247796,8.058056,29.182464,50.773281,29.112055,22.360248,21.73913,15.208429,C1
65.217391,50.857143,51.955307,44.255608,2.938296,16.363367,23.672986,32.576505,9.811704,4.347826,11.645055,21.6827,C1
8.695652,47.085714,54.189944,38.341264,9.892262,11.0721,22.956161,13.557091,38.489939,26.086957,15.738622,41.746832,C1
67.391304,39.657143,18.994413,23.317471,9.598433,4.198398,4.283175,27.360974,16.05132,1.863354,6.661581,1.282639,C1
39.130435,64,38.547486,26.104691,0.587659,1.547819,36.937204,1.809806,6.221156,13.043478,20.56954,4.122767,C1
56.521739,36.571429,48.044693,48.878314,5.386876,17.735634,6.013033,6.367226,10.125531,3.726708,10.831426,17.224004,C1
56.521739,71.2,62.569832,36.777702,4.60333,7.402829,36.800948,23.659098,20.65719,3.726708,12.102721,9.650328,C1
6.521739,58.628571,54.189944,53.840925,28.20764,7.981406,28.347156,25.929582,47.101717,40.993789,14.51818,43.65552,C1
52.173913,51.771429,32.960894,34.738273,7.541626,15.589457,13.430095,27.903916,16.337456,2.484472,16.933638,3.191327,C1
30.434783,60.457143,28.49162,40.244731,3.525955,16.768866,8.0391,27.360974,20.65719,3.10559,10.882278,7.802718,C1
39.130435,68.228571,55.307263,5.846363,2.840353,12.521017,1.451422,6.959526,12.765368,9.937888,19.374523,3.466178,C1
34.782609,75.657143,48.603352,32.019035,6.660137,2.37118,13.412322,3.520895,9.027137,9.937888,26.6209,24.935105,C1
19.565217,4.571429,11.173184,80.421482,60.235064,48.19009,14.875592,55.363606,84.807089,39.130435,12.941775,24.874027,C1
30.434783,51.2,40.782123,17.131203,4.89716,4.838789,2.64218,2.945048,17.749677,4.968944,34.502924,18.002749,C1
10.869565,62.514286,49.162011,36.913664,11.165524,4.737415,19.567536,17.193156,37.973048,18.63354,12.001017,48.694457,C1
39.130435,90.857143,59.217877,52.209381,2.938296,5.387697,18.430095,2.945048,24.367731,8.695652,39.333842,23.957856,C1
34.782609,60,6.703911,40.244731,4.407444,2.096726,74.851896,9.213557,4.430497,5.590062,8.466819,11.192548,C1
21.73913,50.857143,27.374302,63.562203,17.335945,11.97211,16.954976,2.945048,14.943696,59.006211,32.519705,17.895862,C1
10.869565,24.114286,64.24581,51.665534,19.000979,11.346553,32.796209,43.780849,31.013476,16.770186,21.612001,21.66743,C1
52.173913,60.571429,35.195531,29.095853,4.3095,10.755613,8.613744,3.553801,9.460956,6.832298,16.348843,1.939227,C1
19.565217,68,43.01676,34.194426,7.639569,11.97211,23.868483,6.367226,19.937235,16.149068,12.941775,14.933578,C1
28.26087,55.542857,17.877095,52.005438,10.186092,9.489665,8.471564,32.658769,18.645006,14.285714,20.56954,10.032066,C1
60.869565,68.457143,40.223464,42.28416,7.149853,3.951142,8.945498,28.430405,16.05132,3.10559,9.687262,1.404795,C1
17.391304,68.571429,28.49162,19.782461,9.20666,4.289882,37.35782,10.348799,35.443973,18.012422,15.128401,18.750954,C1
56.521739,29.028571,33.519553,36.913664,12.732615,6.485511,3.074645,2.945048,18.035813,7.453416,10.475464,10.093144,C1
26.086957,80.228571,50.27933,55.948334,13.222331,0.472258,3.584123,3.389273,23.093963,27.329193,33.282482,0,C1
39.130435,63.314286,29.050279,40.244731,3.819785,3.466522,28.856635,6.959526,7.78106,5.590062,5.441139,10.917697,C1
13.043478,75.771429,77.094972,55.472468,9.402547,14.058946,4.10545,23.659098,19.217279,16.149068,18.154081,2.717972,C1
65.217391,55.657143,22.346369,14.887831,3.134182,2.37118,24.964455,2.385653,1.587595,3.10559,13.907958,13.421896,C1
63.043478,81.6,56.424581,21.685928,1.371205,4.838789,1.800948,2.385653,7.596456,4.968944,13.679125,4.397618,C1
50,80.114286,37.988827,46.159075,9.108717,3.436851,3.631517,45.179335,25.549197,4.968944,16.348843,9.833562,C1
78.26087,39.085714,34.078212,40.244731,4.113614,1.822273,89.798578,1.809806,7.282629,3.10559,8.110857,14.612918,C1
21.73913,50.742857,76.536313,33.378654,8.031342,7.034418,22.71327,18.427114,21.174082,14.906832,8.466819,9.222782,C1
13.043478,67.314286,35.75419,28.484024,10.577865,4.289882,37.973934,16.617308,37.022337,19.875776,33.282482,31.59261,C1
39.130435,82.057143,69.832402,52.209381,2.44858,3.740975,16.469194,2.945048,17.408159,8.695652,37.528604,22.262941,C1
56.521739,64.457143,56.98324,17.335146,2.938296,2.645633,10.094787,0.098717,21.515599,2.484472,16.882787,5.451214,C1
56.521739,41.714286,50.837989,40.244731,8.129285,2.920087,47.191943,1.233959,23.352409,20.496894,8.110857,14.078485,C1
78.26087,79.542857,40.223464,23.24949,2.44858,0.998912,18.11019,1.809806,6.959572,3.726708,11.772184,14.338067,C1
34.782609,47.2,2.234637,42.828008,5.288932,2.662941,12.020142,11.00691,11.786967,8.074534,19.374523,8.04703,C1
60.869565,46.857143,35.75419,48.334466,5.093046,12.038869,7.008294,26.307996,14.325272,0.621118,12.102721,2.16827,C1
6.521739,7.885714,32.960894,64.78586,23.408423,41.098803,12.138626,53.257651,47.766291,29.813665,12.001017,24.080012,C1
13.043478,70.057143,39.106145,40.992522,10.773751,14.303729,3.720379,25.748602,22.383238,13.664596,16.933638,3.695221,C1
71.73913,49.028571,30.726257,40.244731,6.953967,3.706359,9.170616,14.116486,8.860993,1.242236,5.441139,1.496412,C1
23.913043,46.171429,73.743017,23.24949,8.031342,8.896252,31.409953,42.941757,68.275798,2.484472,11.772184,6.123072,C1
2.173913,71.657143,63.128492,30.387492,14.397649,37.061122,68.169431,20.483712,38.203803,20.496894,12.102721,56.02382,C1
58.695652,49.828571,16.759777,31.067301,3.819785,0.450005,4.851896,0.098717,12.977663,4.968944,11.390796,4.687739,C1
56.521739,5.485714,32.402235,80.421482,21.253673,44.622194,1.652844,4.096742,21.838656,19.875776,26.392067,12.139258,C1
2.173913,62.628571,70.949721,66.825289,29.970617,3.733558,35.349526,31.638697,47.932435,57.763975,13.907958,56.329211,C1
78.26087,66.628571,49.72067,23.24949,2.44858,0.998912,17.280806,0.674564,6.645745,0.621118,11.772184,16.155138,C1
39.130435,58.514286,21.22905,31.475187,5.386876,3.192068,4.905213,2.385653,17.721986,7.453416,21.179761,3.893724,C1
34.782609,86.171429,84.916201,17.878994,2.15475,7.583325,9.336493,1.233959,20.574119,11.180124,9.50928,8.718888,C1
71.73913,46.285714,25.139665,40.244731,4.3095,6.56216,34.087678,8.473182,15.737493,1.863354,6.661581,1.969766,C1
32.608696,62.857143,32.960894,40.244731,7.835455,9.242409,44.905213,9.772952,17.122023,7.453416,8.136283,8.04703,C1
39.130435,6.857143,11.731844,49.422162,18.315377,15.540006,3.299763,30.306022,38.609932,11.801242,18.611747,11.986563,C1
45.652174,1.6,10.614525,77.43032,33.006856,49.255761,7.014218,50.148075,54.024368,25.465839,11.950165,13.666209,C1
45.652174,56,61.452514,32.834806,1.762977,3.466522,45.035545,8.111221,11.833118,6.21118,9.687262,2.901206,C1
13.043478,78.171429,43.01676,15.363698,6.072478,2.920087,6.646919,0.098717,26.58298,45.341615,26.010679,16.613223,C1
41.304348,57.714286,55.865922,80.217539,2.938296,0.47473,1.409953,11.286607,20.694111,4.968944,11.492499,3.939533,C1
36.956522,69.828571,40.782123,22.773623,3.232125,8.025912,0.562796,18.361303,13.180727,8.695652,35.697941,5.191632,C1
45.652174,64.457143,45.251397,40.244731,6.464251,1.987934,22.731043,25.304376,19.448034,1.863354,6.661581,5.451214,C1
8.695652,60.114286,47.486034,55.948334,18.70715,2.373652,22.369668,22.589668,36.283921,27.950311,34.502924,39.838143,C1
17.391304,2.171429,20.670391,61.522774,36.532811,27.336564,1.072275,22.885818,100,56.521739,12.941775,59.489998,C1
21.73913,69.142857,37.430168,33.378654,14.299706,11.44051,26.32109,41.131951,26.121469,11.801242,21.789982,18.934188,C1
56.521739,62.285714,39.106145,38.409245,3.134182,14.714173,10.278436,9.032577,6.85804,6.21118,13.323163,2.687433,C1
32.608696,13.714286,34.078212,47.790619,37.4143,18.949659,7.529621,7.33794,33.219494,20.496894,16.781083,31.59261,C1
15.217391,91.771429,50.837989,25.696805,5.680705,2.645633,9.680095,2.385653,16.143622,20.496894,11.772184,46.709421,C1
0,52,11.173184,82.39293,21.841332,21.543369,22.292654,58.22639,75.743031,52.173913,7.068396,69.460986,C1
39.130435,3.314286,13.407821,33.650578,25.269344,23.496687,3.216825,7.502468,44.304966,23.602484,15.967455,17.132387,C1
56.521739,66.4,39.106145,48.878314,5.778648,20.203244,4.306872,5.791379,13.29149,3.726708,10.831426,16.307833,C1
34.782609,86.171429,84.916201,17.878994,2.15475,7.583325,9.336493,1.233959,20.574119,11.180124,9.50928,8.718888,C1
60.869565,69.485714,27.932961,39.42896,2.938296,2.37118,5.136256,1.233959,7.282629,3.726708,11.924739,8.947931,C1
26.086957,66.171429,36.871508,53.297077,11.165524,9.405598,8.471564,10.398157,40.769799,9.937888,23.59522,6.688044,C1
45.652174,25.028571,38.547486,24.813052,26.640548,59.440214,6.386256,0.098717,36.071626,37.888199,16.501398,17.95694,C1
58.695652,67.2,72.625698,40.244731,0.783546,1.288201,23.436019,24.284304,15.451357,1.242236,12.102721,2.565277,C1
23.913043,7.771429,31.284916,28.212101,11.851126,37.763327,8.382701,0.098717,36.70851,12.42236,30.867023,10.429073,C1
56.521739,65.257143,63.128492,8.293678,1.175318,3.192068,4.081754,1.233959,6.534982,3.10559,22.984999,16.39945,C1
8.695652,62.742857,33.519553,20.870156,15.181195,14.454554,11.759479,43.320171,38.766845,11.801242,3.02568,19.270118,C1
26.086957,43.085714,36.871508,35.690007,14.593536,6.072594,27.114929,38.499506,24.395422,10.559006,21.179761,12.490457,C1
26.086957,64,40.782123,23.24949,10.577865,5.924241,10.136256,49.078644,33.597932,8.074534,6.661581,8.214995,C1
28.26087,66.285714,38.547486,18.354861,5.778648,2.645633,0.473934,1.809806,23.730847,14.285714,42.359522,5.787143,C1
47.826087,22.514286,31.284916,40.720598,11.459354,42.154584,32.825829,20.483712,27.847517,10.559006,16.882787,7.817987,C1
52.173913,45.485714,21.787709,20.054385,7.639569,1.822273,17.849526,2.385653,9.497877,3.726708,18.764302,20.323714,C1
30.434783,72.8,69.273743,32.562882,2.44858,8.082781,14.484597,16.946364,20.371054,9.31677,13.907958,14.811422,C1
41.304348,36.685714,32.402235,24.065262,1.077375,10.876768,6.386256,16.123725,16.5036,8.074534,22.400203,17.33089,C1
58.695652,51.428571,64.804469,40.244731,1.860921,4.027792,44.117299,11.862455,10.236293,1.863354,4.830918,2.519469,C1
45.652174,64.914286,44.134078,42.96397,3.134182,0.998912,3.631517,32.017111,12.977663,6.832298,11.950165,15.529088,C1
10.869565,64.8,54.189944,50.509857,19.000979,10.360004,21.60545,30.009872,37.63153,11.180124,9.07704,20.415331,C1
21.73913,42.057143,30.167598,53.229096,9.402547,4.27752,8.927725,3.389273,25.899945,19.875776,43.579964,11.849137,C1
26.086957,82.857143,46.368715,23.24949,9.010774,3.211848,1.024882,48.025666,31.013476,7.453416,15.128401,6.764392,C1
47.826087,17.028571,39.106145,43.64378,39.764936,17.461181,27.322275,2.945048,20.860255,14.285714,9.94152,21.911742,C1
13.043478,64.114286,71.50838,33.378654,29.480901,2.917614,24.075829,26.554788,66.946649,25.465839,17.289601,38.921973,C1
45.652174,67.771429,43.575419,15.431679,2.056807,3.192068,6.386256,10.315893,7.282629,6.832298,16.933638,3.176057,C1
13.043478,74.4,39.664804,26.7845,9.794319,3.192068,25.633886,14.346825,34.493262,18.63354,39.333842,28.813559,C1
34.782609,70.171429,91.620112,47.246771,8.031342,18.405697,1.060427,40.111879,20.435665,4.968944,15.738622,3.893724,C1
45.652174,83.657143,56.98324,38.00136,4.407444,6.759964,6.095972,0.674564,12.654606,14.906832,100,41.212399,C1
6.521739,34.742857,44.692737,38.477226,6.072478,9.17565,33.388626,26.538335,21.450988,15.52795,11.492499,12.475187,C1
69.565217,67.314286,55.865922,44.255608,0.979432,4.289882,31.285545,0.674564,19.623408,3.26087,11.645055,3.42037,C1
56.521739,74.171429,40.223464,31.475187,1.273262,4.838789,28.75,10.941099,5.381207,6.21118,26.392067,5.909299,C1
10.869565,78.285714,41.899441,33.514616,7.541626,3.211848,2.938389,41.131951,27.275245,59.627329,17.54386,9.573981,C1
13.043478,70.057143,69.832402,47.246771,10.381978,11.838592,7.719194,23.659098,19.789551,13.664596,14.51818,4.779356,C1
76.086957,73.828571,59.776536,40.244731,3.428012,3.211848,7.665877,17.308325,8.860993,3.10559,10.882278,2.519469,C1
58.695652,1.257143,16.201117,39.632903,63.075416,55.048957,9.081754,45.689372,60.125531,19.254658,14.314772,15.101542,C1
56.521739,67.657143,52.513966,32.562882,1.665034,4.015429,30.918246,10.941099,7.910282,3.10559,26.392067,2.702703,C1
47.826087,4.685714,2.234637,53.704963,62.291871,60.535555,13.696682,57.074696,43.981909,23.602484,11.79761,41.823179,C1
67.391304,46.057143,54.189944,23.24949,0.587659,5.387697,44.834123,2.945048,8.71331,9.31677,7.856598,1.786532,C1
52.173913,90.857143,56.98324,27.668253,0.783546,4.838789,0.580569,7.33794,4.430497,2.484472,15.128401,3.374561,C1
34.782609,60.457143,50.837989,4.690687,3.330069,10.053407,6.013033,45.91971,14.325272,9.31677,18.764302,3.114979,C1
56.521739,65.485714,59.217877,29.095853,6.464251,13.81169,15.7109,28.956894,23.241647,10.248447,16.399695,6.077264,C1
19.565217,0,55.865922,15.091774,8.423115,4.564336,28.927725,3.504442,24.450803,23.602484,19.959319,48.694457,C1
13.043478,66.171429,45.251397,56.016315,10.969638,35.256157,8.003555,28.430405,20.084918,13.043478,22.2985,22.980608,C1
45.652174,67.771429,67.039106,31.883073,2.350637,7.8108,0.888626,8.473182,5.325826,13.043478,9.50928,3.282944,C1
50,66.628571,37.988827,21.14208,8.521058,5.184947,3.921801,15.185916,10.014768,3.726708,7.271803,3.237135,C1
13.043478,66.971429,35.195531,33.378654,7.835455,3.466522,21.629147,17.193156,31.64113,18.63354,21.179761,19.361735,C1
34.782609,77.6,86.592179,37.117607,5.484819,5.936604,1.854265,1.809806,12.026952,9.31677,14.263921,15.101542,C1
47.826087,66.514286,78.212291,63.222298,4.995103,0.746712,0.432464,0.559395,18.80192,4.347826,13.323163,2.870667,C1
52.173913,22.742857,51.955307,43.439837,30.950049,1.832163,21.066351,29.944061,18.303489,22.360248,0,27.118644,C1
76.086957,25.371429,29.608939,40.244731,8.423115,10.854515,22.008294,10.941099,11.159313,12.42236,11.212815,10.627577,C1
58.695652,9.485714,13.96648,45.07138,4.015671,4.289882,14.158768,0.674564,9.811704,6.832298,11.390796,4.764086,C1
56.521739,50.171429,18.994413,34.330387,2.44858,8.132232,2.103081,0.098717,18.035813,6.832298,15.026697,2.595816,C1
34.782609,74.057143,53.072626,19.782461,0.097943,2.096726,5.580569,32.576505,13.928374,12.42236,32.67226,21.087189,C1
15.217391,66.971429,31.284916,31.883073,9.990206,2.643161,19.656398,14.906219,32.278014,8.074534,16.933638,15.620705,C1
34.782609,11.885714,18.435754,19.986404,18.41332,18.558995,37.079384,76.850938,20.241831,21.118012,12.941775,6.48954,C1
43.478261,68,79.329609,54.860639,7.247796,12.300959,4.905213,7.897335,7.245708,6.832298,24.205441,5.115285,C1
67.391304,19.885714,16.759777,14.276003,5.190989,2.920087,28.96327,2.945048,10.762415,4.968944,6.05136,6.413193,C1
34.782609,48.685714,50.27933,17.131203,4.015671,25.143408,19.632701,0.575847,11.039321,8.695652,21.789982,39.838143,C1
30.434783,64.457143,61.452514,46.702923,4.505387,14.058946,4.478673,17.834814,11.159313,5.590062,15.433511,6.168881,C1
23.913043,20.685714,35.195531,32.834806,8.814887,15.47572,38.507109,23.445212,26.112239,14.906832,17.137046,10.566499,C1
45.652174,76.228571,58.659218,21.14208,5.680705,5.432203,8.062796,12.01053,12.313088,3.726708,9.687262,3.802107,C1
34.782609,81.485714,81.564246,37.117607,6.268364,5.936604,1.854265,1.809806,9.811704,8.074534,14.263921,13.803634,C1
56.521739,66.857143,65.921788,12.032631,1.567091,4.289882,18.353081,1.233959,5.916559,4.968944,15.738622,16.903344,C1
47.826087,36.342857,22.905028,32.834806,8.716944,17.540303,43.809242,32.13228,20.371054,1.242236,6.661581,4.290731,C1
45.652174,74.514286,62.569832,32.834806,1.665034,3.466522,47.665877,8.111221,9.027137,4.347826,9.687262,3.557795,C1
26.086957,72.228571,62.011173,38.341264,6.562194,21.451884,0.616114,13.063508,16.918959,9.31677,9.94152,5.054207,C1
78.26087,74.742857,35.75419,23.24949,4.995103,0.175551,61.753555,2.385653,9.497877,2.484472,11.772184,22.171324,C1
34.782609,31.2,27.932961,46.295037,5.876592,25.47473,3.60782,11.286607,9.61787,9.937888,28.273583,8.444037,C1
26.086957,64.8,18.994413,55.948334,14.887365,3.881911,2.446682,3.389273,20.952557,13.664596,19.959319,10.581768,C1
34.782609,68.914286,0,40.244731,5.386876,4.564336,61.481043,12.059888,6.018091,3.726708,12.712942,8.764697,C1
17.391304,65.828571,55.307263,33.378654,12.634672,5.098408,22.079384,54.919381,38.489939,16.149068,13.323163,19.941976,C1
47.826087,56.8,11.173184,34.738273,2.252693,12.085847,1.273697,23.659098,12.479232,11.801242,17.54386,3.664682,C1
10.869565,60.571429,47.486034,69.00068,4.505387,7.536347,9.2891,28.956894,42.228171,29.409938,55.987796,12.902733,C1
30.434783,65.942857,36.871508,47.790619,4.995103,8.389378,11.255924,12.537019,21.515599,7.453416,30.867023,3.4051,C1
13.043478,57.714286,36.312849,35.825969,6.953967,13.636139,32.511848,42.727871,24.395422,19.565217,36.918383,11.299435,C1
45.652174,9.6,5.027933,37.457512,36.630754,27.121452,13.151659,35.850609,21.810965,28.354037,14.314772,16.063521,C1
56.521739,22.285714,25.139665,35.146159,12.438786,11.97211,9.03436,1.233959,13.928374,6.832298,14.51818,2.901206,C1
56.521739,54.628571,48.603352,48.878314,8.814887,14.79824,25.746445,18.361303,10.014768,3.10559,4.246123,3.649412,C1
45.652174,76.457143,70.391061,40.244731,1.665034,2.645633,17.535545,2.385653,3.729001,3.10559,10.297483,0.885631,C1
15.217391,49.714286,77.653631,32.834806,11.263467,2.373652,47.263033,14.116486,23.40779,11.801242,48.410882,26.93541,C1
41.304348,87.428571,90.502793,17.878994,2.938296,11.151221,0.746445,10.579138,18.986524,14.906832,9.50928,10.352726,C1
34.782609,81.142857,83.798883,37.117607,2.252693,6.759964,1.854265,2.945048,30.699649,8.695652,14.263921,15.101542,C1
56.521739,68.8,17.877095,33.650578,9.010774,0,0.776066,7.897335,1.402991,4.347826,15.738622,3.695221,C1
8.695652,86.971429,47.486034,37.117607,24.387855,7.857779,6.943128,8.078315,24.053904,20.496894,14.263921,19.117423,C1
8.695652,73.942857,28.49162,37.117607,24.877571,8.406686,16.32109,10.924646,41.452834,37.888199,14.263921,16.582684,C1
23.913043,53.828571,39.664804,32.834806,4.701273,3.337949,29.721564,35.867062,22.447849,8.074534,5.441139,12.582074,C1
63.043478,4.914286,7.26257,39.42896,18.511263,60.644348,4.437204,90.934518,71.857116,6.21118,11.924739,4.794625,C1
39.130435,74.4,39.106145,40.244731,5.876592,7.857779,26.161137,1.809806,17.085102,4.347826,6.839563,7.191938,C1
23.913043,77.714286,70.949721,38.341264,3.036239,0.450005,4.022512,32.576505,76.896806,30.434783,9.94152,19.80455,C1
39.130435,52.228571,26.256983,55.60843,10.871694,6.80447,19.561611,25.255018,18.645006,8.695652,13.323163,7.298824,C1
23.913043,31.885714,10.055866,15.363698,5.680705,32.551182,2.867299,0.674564,25.318442,12.42236,13.907958,6.550618,C1
65.217391,55.771429,18.994413,15.431679,2.44858,2.920087,24.751185,0.674564,1.587595,2.484472,11.441648,13.421896,C1
47.826087,78.171429,73.743017,37.117607,2.15475,2.895361,0.68128,1.233959,14.2422,16.149068,24.815662,6.352115,C1
58.695652,29.942857,48.044693,40.244731,7.541626,2.376125,80.468009,11.862455,17.620454,28.571429,11.212815,5.191632,C1
32.608696,68.457143,65.363128,44.255608,0.29383,7.583325,19.656398,2.945048,13.079195,9.937888,11.645055,18.369217,C1
45.652174,74.057143,59.217877,40.244731,2.350637,4.015429,79.626777,1.168147,8.907144,5.590062,6.661581,9.864101,C1
23.913043,83.2,47.486034,22.773623,2.644466,10.99545,5.811611,0.098717,25.632269,17.391304,47.876939,25.744388,C1
30.434783,63.314286,54.748603,26.104691,2.546523,15.329839,46.374408,2.994406,8.860993,8.074534,15.128401,8.97847,C1
36.956522,64.228571,49.162011,30.931339,2.15475,0.462368,1.404028,21.010201,13.180727,4.347826,42.359522,4.825164,C1
39.130435,84.342857,64.804469,7.74983,2.546523,5.387697,2.026066,2.385653,9.027137,17.391304,18.764302,2.443121,C1
5.869565,66.742857,38.547486,50.509857,15.96474,4.462961,15.118483,24.037512,49.049289,30.434783,11.314518,26.278821,C1
32.608696,67.314286,30.167598,40.244731,8.619001,2.662941,55.047393,15.366897,26.776814,7.142857,3.635901,11.894946,C1
34.782609,39.428571,27.932961,34.194426,6.660137,7.308872,2.28673,5.248437,4.042828,10.559006,28.451564,24.324324,C1
34.782609,85.828571,70.949721,40.244731,5.680705,5.906933,39.638626,11.533399,9.913236,9.31677,8.060005,10.474882,C1
45.652174,21.942857,40.223464,22.773623,10.186092,34.440214,12.351896,5.643304,10.845486,9.937888,16.501398,5.038937,C1
39.130435,64,35.195531,26.104691,0.979432,2.645633,39.4609,2.385653,5.288905,9.31677,26.010679,4.000611,C1
52.173913,48.685714,20.111732,32.019035,5.093046,7.650084,28.2109,17.308325,8.399483,3.726708,6.05136,1.786532,C1
32.608696,68,15.083799,40.244731,7.541626,9.242409,45.592417,14.116486,26.112239,7.453416,4.169845,11.329974,C1
47.826087,96.228571,67.039106,9.85724,2.44858,5.936604,0.28436,0.098717,11.076241,7.453416,9.07704,9.970988,C1
28.26087,57.371429,53.072626,40.244731,4.113614,3.740975,71.469194,11.533399,13.928374,4.968944,8.136283,6.50481,C1
4.347826,57.714286,48.044693,40.924541,7.835455,8.058056,28.216825,37.726226,29.112055,72.049689,12.712942,33.883036,C1
39.130435,59.428571,39.664804,40.244731,4.995103,7.857779,37.920616,3.520895,12.977663,4.347826,6.839563,6.672774,C1
56.521739,51.2,32.402235,44.527532,2.742409,7.308872,1.255924,15.728858,5.381207,3.726708,14.441902,6.657505,C1
56.521739,2.628571,16.201117,84.908226,28.011753,33.92345,7.008294,33.711747,54.11667,18.63354,14.441902,49.916018,C1
41.304348,64.457143,64.804469,47.790619,4.60333,6.485511,4.905213,8.654163,38.923759,19.875776,18.611747,3.191327,C1
17.391304,74.742857,32.402235,19.782461,8.325171,5.936604,37.654028,10.348799,33.856378,17.391304,0.610221,20.674912,C1
39.130435,65.6,51.955307,5.846363,6.366308,10.327861,3.755924,6.959526,11.519291,9.31677,16.933638,3.008093,C1
21.73913,78.628571,51.955307,36.913664,9.010774,8.955593,11.74763,8.654163,39.560642,13.664596,12.22985,9.58925,C1
67.391304,71.2,57.541899,40.244731,0.685602,2.096726,26.949052,9.049029,3.802843,5.590062,16.933638,17.208734,C1
34.782609,48.571429,18.994413,44.459551,5.974535,2.662941,17.061611,17.851267,19.448034,1.863354,10.882278,3.359291,C1
60.869565,45.028571,35.75419,49.96601,5.778648,12.038869,5.912322,26.834485,14.906775,1.863354,14.51818,2.198809,C1
26.086957,83.542857,78.212291,26.988443,5.680705,46.125507,0,24.284304,14.509876,24.223602,21.789982,8.123378,C1
6.521739,70.057143,40.782123,11.080897,7.247796,5.113243,16.161137,6.367226,29.748939,93.167702,16.323417,34.799206,C1
78.043478,58.628571,40.782123,40.244731,7.443683,6.56216,30.586493,7.666996,11.44545,2.57764,8.110857,4.779356,C1
10.869565,76.228571,53.631285,46.091094,16.846229,3.706359,17.885071,40.078973,24.681558,14.285714,12.712942,24.415941,C1
19.565217,74.857143,44.134078,36.913664,8.227228,10.876768,22.097156,6.367226,26.896806,16.770186,12.941775,12.429379,C1
78.26087,14.742857,47.486034,97.144799,45.053869,73.249431,13.60782,7.33794,4.698172,12.42236,11.79761,3.221866,C1
13.043478,61.828571,36.871508,46.430999,8.619001,2.094254,18.507109,10.924646,20.574119,25.465839,21.764556,17.147656,C1
71.73913,82.857143,45.251397,40.244731,4.799216,7.155573,5.432464,17.308325,10.014768,8.695652,8.466819,2.107192,C1
45.652174,70.171429,56.98324,40.244731,2.644466,5.387697,14.709716,2.945048,7.467233,4.968944,11.212815,1.374256,C1
63.043478,48.457143,45.251397,23.24949,3.623898,9.976758,25.242891,25.255018,17.205095,2.484472,6.05136,2.47366,C1
41.304348,67.314286,58.659218,26.104691,2.252693,1.288201,72.71327,2.813425,4.402806,6.832298,18.154081,10.612307,C1
56.521739,61.371429,94.413408,39.42896,3.036239,4.27752,1.800948,28.808819,12.36847,1.242236,7.856598,4.397618,C1
73.913043,58.171429,51.396648,39.42896,0.685602,3.740975,14.377962,1.233959,4.042828,5.590062,10.882278,16.475798,C1
45.652174,60.685714,38.547486,40.244731,8.716944,1.315399,29.50237,34.61665,24.118516,6.21118,3.635901,12.582074,C1
8.695652,75.085714,68.715084,52.209381,21.057786,11.346553,19.543839,44.85028,64.952926,47.826087,20.696669,48.999847,C1
10.869565,45.371429,41.899441,49.422162,7.933399,8.57482,20.343602,30.898322,29.112055,15.52795,18.154081,10.856619,C1
47.826087,12.342857,12.849162,35.146159,13.026445,3.459104,11.226303,52.796973,34.179435,4.968944,11.79761,9.467094,C1
76.086957,67.428571,27.932961,40.244731,4.799216,17.540303,12.78436,6.712734,8.860993,0.621118,9.07704,1.282639,C1
45.652174,46.285714,45.251397,28.755948,2.546523,30.365444,8.021327,5.643304,2.252169,4.968944,7.271803,3.359291,C1
34.782609,72.685714,55.307263,36.913664,8.716944,4.289882,24.24763,4.096742,10.891637,10.559006,24.205441,20.75126,C1
60.869565,55.885714,31.284916,13.800136,3.232125,4.564336,3.175355,0,9.959387,4.968944,22.984999,1.023057,C1
52.173913,61.6,36.312849,19.510537,0.783546,4.289882,2.482227,0.674564,4.430497,1.863354,12.102721,2.885937,C1
8.695652,42.857143,53.631285,36.097893,11.067581,9.712195,29.283175,14.116486,37.253092,26.708075,16.348843,41.746832,C1
67.391304,65.371429,43.01676,10.129164,0.587659,3.740975,4.117299,1.233959,7.78106,3.10559,26.010679,16.918614,C1
52.173913,85.142857,55.865922,20.598232,0.489716,4.015429,0.888626,7.33794,2.215248,3.726708,16.348843,2.962284,C1
39.130435,67.085714,57.541899,35.825969,4.60333,4.27752,13.530806,20.895031,10.845486,1.863354,9.07704,2.977554,C1
47.826087,58.628571,62.569832,40.244731,2.056807,6.077539,2.031991,15.712405,13.180727,3.726708,12.102721,3.511987,C1
4.347826,52.114286,55.865922,50.509857,17.825661,7.981406,40.995261,32.13228,61.085472,60.869565,10.297483,27.86685,C1
67.391304,54.628571,58.659218,23.24949,0.391773,5.113243,28.785545,5.824284,7.162636,10.559006,7.856598,1.725454,C1
34.782609,67.771429,44.692737,46.906866,2.742409,2.376125,5.580569,16.370517,15.14676,8.074534,20.56954,4.64193,C1
78.26087,88.914286,62.569832,40.244731,1.371205,6.485511,2.742891,1.233959,4.11667,3.10559,10.882278,14.612918,C1
30.434783,71.428571,47.486034,37.457512,2.840353,8.626743,16.332938,20.335637,23.130884,13.043478,39.944063,10.932967,C1
56.521739,64.114286,44.692737,39.089055,2.44858,14.714173,10.953791,12.981244,9.61787,3.726708,9.687262,2.885937,C1
67.391304,68.457143,39.106145,12.576479,1.371205,7.583325,4.117299,1.233959,6.848809,2.484472,19.959319,18.369217,C1
47.826087,45.485714,67.039106,61.930659,6.366308,10.107803,3.684834,5.083909,22.48477,4.347826,12.712942,3.237135,C1
10.869565,44.685714,45.251397,42.352141,7.247796,21.451884,9.419431,28.956894,32.453387,15.68323,22.095093,17.850053,C1
8.695652,62.057143,33.519553,18.694765,13.418217,14.454554,16.344787,54.508062,36.108547,19.254658,2.974828,25.301573,C1
30.434783,59.2,46.368715,36.913664,17.238002,9.230046,1.398104,1.809806,16.808196,9.937888,21.789982,3.756299,C1
30.434783,50.285714,65.921788,46.159075,3.819785,13.789437,20.047393,20.335637,21.598671,11.180124,22.2985,7.466789,C1
45.652174,84.342857,87.150838,40.244731,1.860921,3.740975,9.028436,3.520895,4.356655,6.21118,16.348843,1.86288,C1
30.434783,35.428571,50.27933,26.03671,10.479922,22.757393,78.844787,35.587364,28.659775,14.285714,12.102721,10.474882,C1
47.826087,48.8,24.581006,32.834806,7.835455,41.126001,6.587678,31.079302,18.35887,3.726708,15.738622,4.382348,C1
78.043478,58.628571,40.782123,40.244731,7.443683,6.56216,30.586493,7.666996,11.44545,2.57764,8.110857,4.779356,C1
45.652174,48.685714,41.899441,15.363698,4.505387,19.107902,8.915877,95.245146,41.766661,6.832298,16.882787,24.064743,C1
52.173913,48,15.642458,22.229776,5.876592,1.273366,18.045024,3.520895,6.331918,1.708075,18.154081,2.77905,C1
71.73913,63.771429,22.346369,40.244731,3.036239,0.202749,21.273697,7.33794,14.20528,1.863354,9.07704,1.740724,C1
34.782609,73.257143,50.27933,41.672332,4.505387,0.746712,0.337678,11.286607,6.85804,7.453416,19.374523,4.550313,C1
52.173913,53.142857,49.72067,32.562882,9.304603,14.281476,1.001185,10.52978,16.882038,5.590062,15.738622,2.992823,C1
23.913043,77.371429,66.480447,38.341264,4.407444,0.724459,4.022512,15.482066,61.076241,25.465839,7.856598,21.209345,C1
30.434783,51.314286,35.195531,40.244731,3.036239,8.881416,15.89455,33.201711,20.084918,5.590062,8.136283,7.619484,C1
56.521739,2.285714,50.837989,79.333787,50.146915,23.024429,7.008294,78.529121,15.349825,30.434783,14.441902,21.453657,C1
8.695652,56.114286,68.715084,52.209381,8.227228,27.376125,48.187204,5.643304,6.85804,52.173913,20.696669,40.601619,C1
67.391304,58.971429,37.988827,21.685928,0.881489,7.308872,1.990521,8.292201,20.251061,6.832298,16.933638,15.880287,C1
10.869565,70.285714,57.541899,48.878314,16.944172,5.924241,15.704976,32.13228,11.45468,19.875776,18.154081,21.423118,C1
34.782609,43.657143,10.055866,24.541128,4.995103,6.211057,2.944313,1.233959,10.125531,6.21118,12.712942,7.879066,C1
41.304348,65.257143,53.631285,26.104691,2.546523,2.648106,66.93128,3.948667,4.707403,6.21118,19.374523,2.992823,C1
23.913043,89.142857,44.692737,17.335146,2.840353,10.99545,5.811611,7.436657,15.820565,15.52795,52.046784,79.691556,C1
15.217391,50.742857,64.24581,42.352141,18.70715,15.144397,40.124408,9.032577,29.536644,20.496894,27.231121,82.745457,C1
4.347826,61.942857,27.932961,38.885112,11.851126,12.429532,34.609005,15.251728,37.566919,28.571429,3.635901,41.105512,C1
47.826087,78.514286,74.301676,37.117607,3.232125,2.895361,5.082938,0.098717,22.152483,21.118012,15.128401,6.840739,C1
17.391304,76.914286,55.865922,19.646499,9.010774,4.240431,7.07346,2.336295,32.684143,29.192547,36.308162,52.664529,C1
17.391304,77.371429,67.597765,4.96261,3.917728,1.822273,0.302133,26.883843,26.58298,16.149068,14.51818,27.56146,C1
56.521739,12.342857,18.994413,39.42896,10.284035,6.759964,79.697867,9.789404,11.390068,6.832298,6.05136,6.245228,C1
78.26087,66.628571,65.363128,9.721278,1.175318,2.37118,13.412322,1.809806,6.645745,3.726708,11.492499,16.964422,C1
34.782609,40.114286,70.391061,40.244731,3.232125,1.560182,44.869668,0.559395,2.556766,8.074534,8.136283,3.771568,C1
8.695652,70.285714,70.949721,58.667573,19.686582,2.373652,22.369668,21.470879,40.271368,25.465839,38.723621,33.42495,C1
13.043478,16.914286,10.055866,46.430999,29.970617,41.054297,25.61019,25.732149,89.551412,47.826087,12.001017,30.447397,C1
45.652174,14.971429,7.26257,72.263766,36.924584,47.792009,6.646919,39.552484,36.763891,14.906832,4.246123,9.009009,C1
36.956522,37.371429,31.843575,30.387492,8.325171,19.491148,6.386256,21.53669,28.41979,11.180124,16.501398,8.9632,C1
50,68.571429,17.318436,47.246771,10.479922,23.177727,1.498815,58.538993,26.121469,3.726708,4.246123,1.649107,C1
17.391304,80.228571,61.452514,37.457512,6.366308,20.220552,5.088863,13.589997,18.35887,14.906832,6.05136,5.038937,C1
39.130435,69.6,55.865922,28.008158,2.44858,3.464049,0.75237,9.032577,5.935019,3.726708,1.220442,3.679951,C1
10.869565,70.285714,55.865922,46.091094,17.629775,4.445653,16.504739,35.850609,36.763891,14.906832,19.374523,23.759353,C1
60.869565,50.857143,89.944134,14.343984,3.428012,3.192068,6.344787,1.233959,7.162636,1.242236,7.856598,7.833257,C1
34.782609,42.628571,41.340782,21.685928,9.108717,26.241222,20.716825,1.760448,22.318627,25.465839,26.392067,15.223698,C1
47.826087,75.314286,59.776536,17.878994,5.484819,7.402829,8.193128,13.063508,12.313088,2.484472,10.297483,4.122767,C1
13.043478,57.142857,77.094972,33.378654,19.882468,2.917614,32.055687,27.673577,45.486432,22.360248,18.154081,33.883036,C1
15.217391,69.6,91.061453,32.834806,11.263467,1.832163,27.221564,11.286607,23.40779,14.285714,26.010679,21.713239,C1
6.521739,65.942857,51.396648,40.924541,18.217434,7.294036,21.469194,41.131951,50,56.521739,11.492499,43.502825,C1
39.130435,14.628571,20.670391,65.805574,20.666014,15.099891,32.890995,32.13228,66.96511,13.043478,12.22985,7.665292,C1
23.913043,62.514286,75.977654,23.24949,8.716944,14.600435,2.612559,45.755183,12.073103,3.10559,11.772184,6.856009,C1
2.173913,59.542857,67.039106,52.073419,10.479922,44.397191,49.188389,14.659427,28.133653,52.795031,9.687262,45.640556,C1
23.913043,61.485714,57.541899,14.07206,4.60333,12.65948,5.296209,7.239223,9.147129,10.559006,15.738622,6.993434,C1
47.826087,56.8,15.083799,39.42896,5.093046,5.830284,14.377962,16.765383,8.860993,6.832298,18.764302,4.412887,C1
30.434783,77.942857,67.039106,8.42964,0.587659,5.113243,15.28436,4.096742,11.519291,23.602484,14.51818,3.328752,C1
23.913043,64.228571,53.072626,15.703603,3.428012,10.953417,1.842417,11.467588,17.777368,8.074534,17.54386,5.038937,C1
56.521739,12.8,23.463687,46.702923,5.582762,27.339037,19.087678,0.674564,27.210633,27.329193,18.001526,14.53657,C1
76.086957,65.714286,20.111732,40.244731,4.89716,7.536347,36.984597,3.537348,6.276537,0.621118,3.635901,1.084135,C1
21.73913,58.628571,43.01676,33.378654,22.820764,10.953417,38.773697,53.849951,46.252538,36.645963,12.712942,32.20339,C1
10.869565,9.142857,37.430168,54.860639,7.737512,63.846306,10.041469,27.903916,59.774783,25.776398,38.876176,22.476714,C1
56.521739,66.971429,20.670391,30.183549,11.263467,4.838789,31.17891,15.482066,37.345394,12.42236,12.712942,13.085967,C1
56.521739,62.285714,60.893855,24.949014,6.562194,0.47473,6.386256,3.471537,6.85804,4.347826,13.323163,2.412582,C1
2.173913,78.057143,74.301676,40.924541,13.614104,6.485511,40.835308,6.367226,47.147868,100,12.712942,78.164605,C1
26.086957,55.885714,44.692737,45.07138,5.190989,14.058946,3.82109,32.13228,22.95551,19.254658,32.519705,10.963506,C1
45.652174,50.971429,16.759777,32.834806,1.860921,0.99644,52.393365,0.098717,6.987262,2.484472,7.246377,4.6572,C1
47.826087,17.028571,39.106145,43.64378,39.764936,17.461181,27.322275,2.945048,20.860255,14.285714,16.882787,21.911742,C1
45.652174,62.285714,13.96648,32.834806,3.428012,1.545347,40.864929,0.444225,10.180912,2.484472,19.654208,6.48954,C1
63.043478,65.942857,41.340782,39.42896,10.479922,4.690436,6.528436,26.834485,15.765184,4.968944,8.466819,2.320965,C1
26.086957,82.171429,74.301676,38.341264,6.953967,18.494709,4.022512,13.063508,20.371054,2.484472,3.02568,5.145824,C1
60.869565,60.914286,50.27933,39.632903,3.428012,2.645633,9.4609,22.01382,13.29149,4.347826,17.162471,3.038632,C1
34.782609,68.571429,23.463687,30.387492,15.083252,6.485511,8.317536,1.233959,10.891637,8.074534,25.425884,4.519774,C1
56.521739,83.771429,74.860335,29.843644,1.273262,5.936604,10.864929,0.098717,12.340779,8.074534,16.933638,1.985036,C1
6.521739,52.571429,43.575419,46.295037,27.717924,13.391356,28.584123,72.392234,53.452095,53.416149,7.271803,65.185525,C1
45.652174,62.285714,39.106145,39.089055,4.113614,17.540303,0.556872,5.116815,9.433266,5.590062,13.323163,2.702703,C1
23.913043,66.4,41.340782,42.895989,10.284035,14.442192,10.876777,0.674564,29.112055,11.801242,21.612001,51.901054,C1
30.434783,72.342857,87.150838,13.664174,0.881489,2.920087,9.71564,1.809806,13.697619,20.496894,8.466819,17.269812,C1
50,1.485714,18.994413,53.772944,25.269344,21.575512,23.459716,43.402435,76.342994,17.391304,14.441902,8.734158,C1
17.391304,77.257143,43.01676,23.24949,8.227228,3.466522,21.356635,2.385653,24.709249,36.645963,36.308162,25.026722,C1
56.521739,55.657143,39.106145,36.913664,3.036239,11.43062,19.591232,11.434682,10.125531,4.347826,16.781083,5.237441,C1
58.695652,51.2,33.519553,42.828008,4.3095,14.795767,10.977488,29.615005,18.063504,1.863354,6.661581,2.229348,C1
47.826087,79.542857,74.860335,37.117607,3.623898,0.175551,5.236967,0.098717,25.946096,16.149068,12.712942,6.917087,C1
23.913043,36.685714,13.96648,0,4.89716,32.825635,1.368483,1.233959,28.161344,14.906832,10.882278,11.864407,C1
32.608696,59.2,65.921788,44.255608,0.097943,4.564336,20.787915,1.809806,10.587041,3.10559,17.54386,19.774011,C1
58.695652,73.028571,70.391061,40.244731,1.077375,0.746712,27.274882,19.397828,12.691527,2.484472,10.882278,2.534738,C1
52.173913,5.257143,12.849162,59.211421,78.354554,60.644348,15.63981,65.514972,52.427543,21.73913,16.781083,8.092839,C1
28.26087,66.971429,44.692737,56.832087,10.969638,7.781129,5.847156,24.712076,19.217279,11.180124,21.789982,7.329363,C1
17.391304,80.114286,77.094972,52.209381,4.799216,5.66215,47.719194,4.096742,16.143622,19.875776,12.407831,31.898,C1
13.043478,47.2,34.078212,33.378654,7.835455,3.740975,21.131517,16.041461,36.394683,18.012422,32.67226,16.949153,C1
43.478261,37.371429,26.256983,48.878314,7.149853,36.336663,6.024882,12.537019,16.918959,4.347826,7.271803,4.535044,C1
39.130435,63.314286,55.307263,4.690687,3.917728,10.602314,1.996445,8.111221,12.451541,9.937888,18.154081,3.4051,C1
41.304348,32.228571,29.050279,22.093814,0.587659,11.423202,1.25,10.398157,11.205464,7.453416,9.07704,16.353642,C1
58.695652,44.114286,32.960894,45.615228,4.505387,14.795767,12.043839,28.430405,17.491231,3.10559,8.466819,2.320965,C1
60.869565,60.685714,37.988827,17.743032,2.350637,5.387697,0.900474,0.575847,6.848809,2.484472,24.205441,0.946709,C1
34.782609,58.742857,35.75419,38.341264,3.525955,8.025912,4.680095,17.308325,17.205095,19.254658,14.51818,4.03115,C1
41.304348,59.428571,58.100559,42.352141,4.799216,18.741964,7.535545,16.765383,14.611409,6.21118,12.102721,3.221866,C1
39.130435,69.6,55.865922,35.825969,2.44858,3.192068,1.877962,9.591971,5.011999,6.21118,4.830918,7.329363,C1
50,77.942857,32.402235,45.07138,8.814887,2.967066,3.157583,48.288911,32.739524,3.726708,7.271803,1.801802,C1
28.26087,61.828571,48.044693,39.632903,6.75808,4.853625,1.694313,26.307996,16.918959,7.453416,40.732265,8.566193,C1
8.695652,32,65.363128,60.842964,29.774731,8.896252,24.472749,23.72491,37.816134,26.708075,12.001017,30.981829,C1
30.434783,58.742857,27.374302,55.404487,8.423115,4.853625,5.580569,18.887792,23.537013,14.906832,36.308162,6.840739,C1
39.130435,78.742857,67.039106,52.209381,1.567091,4.564336,15.308057,2.385653,15.820565,9.31677,32.67226,28.813559,C1
8.695652,69.371429,65.363128,63.018355,19.882468,3.733558,22.369668,19.776242,40.575965,26.708075,47.19044,32.050695,C1
39.130435,83.085714,63.687151,33.650578,4.505387,8.082781,3.151659,16.370517,13.919143,0.621118,7.271803,2.534738,C1
15.217391,79.2,74.860335,36.913664,7.149853,18.986747,5.011848,13.063508,17.205095,13.664596,4.830918,4.779356,C1
23.913043,67.428571,47.486034,55.948334,10.871694,3.634655,0.011848,11.500494,20.887945,12.42236,21.73913,18.537181,C1
34.782609,75.657143,48.603352,32.019035,8.716944,2.37118,24.24763,3.520895,9.027137,9.937888,26.6209,24.935105,C1
13.043478,36.914286,44.692737,51.053705,2.546523,14.185046,21.380332,2.254031,5.325826,22.981366,32.519705,10.062605,C1
45.652174,59.428571,43.575419,36.913664,6.366308,7.894867,3.234597,33.7282,20.084918,5.590062,13.323163,3.237135,C1
52.173913,66.057143,27.374302,39.089055,5.582762,12.577885,1.10782,10.41461,18.017353,8.074534,12.102721,1.481142,C1
34.782609,4.228571,19.553073,71.380014,26.738492,47.84146,5.657583,38.976637,38.766845,25.465839,14.441902,15.086273,C1
30.434783,63.314286,36.312849,18.966689,7.345739,55.036594,4.490521,12.01053,23.537013,19.254658,13.907958,3.71049,C1
23.913043,78.057143,68.156425,38.341264,3.232125,2.37118,4.022512,15.482066,13.29149,24.223602,9.687262,19.774011,C1
78.26087,57.371429,44.692737,40.244731,1.665034,2.37118,62.35782,0.674564,2.852132,0.621118,5.441139,13.712017,C1
34.782609,21.6,51.955307,48.878314,8.521058,59.989121,11.990521,4.656137,37.973048,5.590062,10.831426,3.267674,C1
13.043478,71.885714,77.094972,47.790619,10.186092,18.494709,4.218009,25.255018,19.503415,10.559006,18.154081,3.496717,C1
26.086957,55.428571,51.396648,57.03603,15.96474,24.90357,59.946682,15.712405,24.681558,11.180124,28.273583,7.298824,C1
56.521739,56.8,36.312849,36.369816,4.60333,13.636139,7.938389,16.765383,11.45468,2.484472,14.51818,2.244617,C1
28.26087,74.742857,69.273743,23.24949,2.938296,6.211057,1.001185,2.945048,11.519291,16.770186,18.764302,2.504199,C1
34.782609,42.742857,12.290503,26.7845,5.288932,5.66215,2.944313,1.233959,10.125531,9.937888,27.231121,7.924874,C1
50,68.914286,43.575419,23.861319,8.521058,10.115221,5.432464,11.467588,7.421082,3.726708,9.687262,3.359291,C1
17.391304,61.828571,54.189944,30.99932,12.830558,5.340718,22.251185,32.13228,26.407606,14.285714,14.51818,21.804856,C1
34.782609,75.085714,61.452514,37.797417,2.252693,0.47473,0.42654,14.67588,11.46391,8.695652,20.56954,4.687739,C1
52.173913,54.742857,60.335196,9.721278,5.386876,0.200277,21.066351,15.251728,1.753738,4.968944,13.323163,3.634143,C1
45.652174,69.142857,51.396648,19.510537,3.525955,2.096726,4.650474,3.520895,25.946096,5.590062,28.273583,5.634448,C1
28.26087,77.142857,68.156425,23.24949,1.077375,4.838789,1.048578,4.096742,9.340964,19.254658,18.154081,3.252405,C1
45.652174,61.942857,41.340782,22.229776,4.3095,2.645633,6.415877,13.968411,23.41702,6.832298,28.273583,5.222171,C1
45.652174,53.6,26.256983,41.264446,4.89716,13.391356,0.580569,4.063837,13.180727,4.968944,21.179761,1.023057,C1
47.826087,77.142857,70.949721,16.791298,7.149853,6.171496,8.193128,13.063508,11.45468,1.863354,7.856598,5.603909,C1
8.695652,69.371429,68.715084,52.685248,18.119491,2.917614,29.312796,18.641,38.120731,33.540373,15.128401,66.407085,C1
69.565217,68.342857,62.011173,44.255608,1.273262,2.37118,30.799763,0.098717,23.730847,4.037267,11.645055,3.237135,C1
34.782609,58.971429,55.865922,32.834806,13.124388,1.978044,57.422986,10.924646,15.192911,32.919255,17.137046,15.48328,C1
47.826087,55.085714,22.346369,32.834806,6.75808,46.083473,2.328199,27.903916,16.632823,4.968944,19.959319,5.161093,C1
34.782609,69.714286,59.217877,32.834806,5.093046,2.252497,51.143365,10.348799,12.977663,8.695652,17.137046,15.620705,C1
45.652174,55.657143,49.72067,52.209381,1.665034,8.681139,14.158768,5.824284,9.959387,40.993789,20.696669,100,C1
60.869565,1.371429,35.75419,43.64378,100,39.410048,16.297393,12.125699,49.510799,14.906832,15.026697,24.263246,C1
45.652174,49.485714,44.692737,45.615228,2.252693,15.690832,4.721564,2.254031,2.252169,9.31677,9.07704,2.901206,C1
34.782609,46.742857,43.575419,19.442556,4.799216,22.94778,20.953791,1.168147,17.749677,9.31677,22.400203,15.116812,C1
56.521739,75.085714,65.921788,34.602311,4.015671,6.663535,47.21564,20.483712,20.65719,4.347826,12.865497,8.505115,C1
21.73913,73.942857,50.837989,38.00136,8.912831,9.230046,11.273697,9.789404,34.807089,14.906832,12.22985,9.497633,C1
26.086957,64.228571,27.374302,50.509857,16.062684,15.47572,6.303318,12.882527,36.440834,9.937888,21.789982,6.367384,C1
23.913043,66.057143,33.519553,32.834806,4.89716,1.315399,12.00237,42.086213,33.441019,11.801242,32.062039,15.101542,C1
4.347826,62.285714,52.513966,73.895309,26.150833,6.722876,14.401659,28.249424,52.233709,32.919255,16.348843,43.35013,C1
34.782609,66.285714,58.659218,38.409245,2.056807,3.192068,5.580569,1.809806,20.860255,6.832298,32.062039,20.720721,C1
58.695652,80.342857,66.480447,30.931339,1.371205,2.645633,0.231043,0.098717,25.632269,3.726708,15.128401,2.519469,C1
56.521739,56.8,33.519553,39.089055,2.546523,5.093463,14.64455,12.421849,7.467233,5.590062,16.882787,4.107497,C1
41.304348,60.342857,64.24581,56.492182,4.89716,23.669766,6.74763,15.185916,13.180727,4.968944,12.712942,5.664987,C1
28.26087,61.942857,40.782123,18.354861,5.876592,1.822273,20.622038,3.520895,58.224109,13.664596,38.113399,6.474271,C1
8.695652,72.228571,70.949721,52.209381,10.381978,18.408169,58.370853,3.948667,5.011999,40.993789,23.925756,21.621622,C1
30.434783,62.4,35.195531,47.790619,6.072478,3.389872,5.580569,17.834814,23.537013,10.559006,39.333842,6.214689,C1
67.391304,1.257143,36.312849,8.973487,2.252693,3.192068,6.741706,1.233959,6.221156,2.484472,13.907958,16.857536,C1
45.652174,30.057143,27.932961,60.435078,8.814887,14.857581,1.694313,34.254689,33.02566,4.347826,11.492499,3.328752,C1
45.652174,46.057143,46.927374,24.405167,3.036239,10.528138,10.75237,5.083909,5.011999,6.832298,10.297483,1.954497,C1
8.695652,77.942857,53.631285,34.058464,15.181195,2.227772,9.4609,55.972359,37.917667,64.596273,21.789982,17.621011,C1
34.782609,60.571429,34.636872,28.212101,14.789422,5.936604,0.254739,1.233959,16.189773,10.559006,25.425884,3.679951,C1
58.695652,57.714286,16.201117,34.330387,2.644466,2.373652,7.600711,24.136229,11.076241,3.10559,11.390796,6.016186,C1
43.478261,57.828571,48.603352,26.03671,6.170421,43.133716,3.122038,8.292201,12.885361,9.31677,10.882278,2.733242,C1
34.782609,4,24.022346,35.825969,6.660137,34.74681,1.623223,4.67259,7.78106,32.515528,16.399695,79.233471,C2
34.782609,4,24.022346,35.825969,8.716944,34.74681,1.623223,4.67259,7.78106,32.515528,16.781083,79.233471,C2
45.652174,45.257143,41.340782,10.061183,86.287953,5.936604,4.419431,1.233959,12.977663,8.074534,26.010679,4.397618,C3
45.652174,62.171429,40.223464,10.061183,86.287953,2.37118,0.082938,0.098717,12.340779,5.590062,29.64658,4.764086,C3
13.043478,49.828571,26.815642,30.183549,9.598433,4.838789,68.773697,16.057914,36.071626,24.223602,100,36.478852,C4
19.565217,46.514286,38.547486,20.802175,10.479922,8.681139,48.898104,1.760448,28.115193,31.677019,100,24.385402,C4
8.695652,68.914286,74.860335,52.209381,5.582762,83.572347,50.219194,14.116486,21.810965,29.813665,41.13908,26.034509,C5
58.695652,7.085714,16.759777,66.485384,10.773751,92.194145,5.148104,12.537019,96.021783,10.559006,10.475464,9.268591,C6
4.347826,41.714286,82.122905,100,30.460333,9.981703,37.008294,61.582757,80.136607,11.801242,17.162471,11.559017,C7
100,73.828571,63.128492,27.46431,12.634672,8.955593,38.838863,12.059888,36.394683,77.018634,16.653954,74.041838,C8
