2;58,5008114771544;
-1;0,0
3;0,0;
1;0,0;
0;0,0;
2;79,15861737407556;
2;0,0;
-1;0,0
1;0,0;
-1;0,0
7;99,86722870778947;
-1;0,0
2;72,8062958642207;
7;99,81030931684401;
2;83,50353879125615;
-1;0,0
14;98,05754835284293;
1;0,0;
-1;0,0
7;99,90541087854194;
7;99,90541087854194;
18;94,68455908452306;
14;93,97306412050442;
14;93,97306412050442;
10;92,7186573592648;
3;91,36660325008215;
3;81,93104064004484;
-1;0,0
-1;0,0
1;0,0;
1;0,0;
1;0,0;
0;0,0;
-1;0,0
1;0,0;
-1;0,0
1;0,0;
2;0,0;
-1;0,0
1;0,0;
7;99,90541087854194;
4;99,89269623319693;
7;99,8482952323366;
18;99,26719501674519;
5;98,64500744621797;
64;97,17710255234094;
2;94,56696850580741;
7;92,08717950639549;
2;88,92373182816478;
2;84,58500162272593;
2;77,82501702633262;
1;0,0;
-1;0,0
-1;0,0
-1;0,0
-1;0,0
-1;0,0
-1;0,0
-1;0,0
-1;0,0
7;99,90541087854194;
3;96,81333063528547;
6;93,08724169109675;
2;89,36066840401273;
2;79,45516034907585;
3;0,0;
1;0,0;
-1;0,0
-1;0,0
-1;0,0
-1;0,0
2;0,0;
2;0,0;
-1;0,0
-1;0,0
-1;0,0
-1;0,0
-1;0,0
0;0,0;
1;0,0;
4;99,92657274071996;
8;99,91279727537542;
8;99,81268329568863;
2;99,3718680061173;
4;98,55687454304645;
2;97,76169259482077;
32;96,83772233983163;
3;95,29230327579428;
3;92,36113155608466;
2;86,5384662751039;
2;85,71178337473427;
2;81,97144746622128;
2;69,43568160114751;
-1;0,0
-1;0,0
-1;0,0
1;0,0;
1;0,0;
1;0,0;
3;0,0;
4;99,92657274071996;
2;97,76000860155045;
32;96,83772233983163;
3;90,86863890706078;
2;88,92360019600576;
2;80,09369028237381;
2;72,8062958642207;
1;0,0;
1;0,0;
-1;0,0
1;0,0;
1;0,0;
1;0,0;
1;0,0;
-1;0,0
1;0,0;
-1;0,0
2;0,0;
-1;0,0
1;0,0;
4;99,92657274071996;
7;99,8482952323366;
7;99,81030931684401;
2;97,7594464252589;
64;97,17710255234094;
32;96,83772233983163;
2;95,67796920570902;
2;88,88583849579786;
-1;0,0
-1;0,0
1;0,0;
-1;0,0
0;0,0;
1;0,0;
-1;0,0
2;0,0;
1;0,0;
2;0,0;
-1;0,0
1;0,0;
4;99,92657274071996;
6;99,92456326694385;
6;99,77068514511002;
2;99,31906549076697;
208;96,83772233983163;
4;91,49202083437518;
3;81,93104064004484;
3;67,5510354001294;
1;0,0;
-1;0,0
3;0,0;
1;0,0;
1;0,0;
1;0,0;
1;0,0;
1;0,0;
1;0,0;
-1;0,0
-1;0,0
3;0,0;
4;99,92657274071996;
6;99,92456326694385;
6;99,92044342932441;
7;99,89602228197475;
32;96,83772233983163;
2;87,72118404715737;
4;77,98869774881058;
4;77,34700051137405;
3;0,0;
-1;0,0
1;0,0;
-1;0,0
-1;0,0
-1;0,0
-1;0,0
-1;0,0
1;0,0;
1;0,0;
-1;0,0
1;0,0;
4;99,92657274071996;
4;99,85609692170941;
4;99,84555154832849;
7;99,81030931684401;
5;99,77675873516661;
2;97,74353158796738;
32;96,83772233983163;
4;94,24076558220115;
42;93,37589057839637;
2;92,56681560110714;
2;74,77436710860138;
1;0,0;
-1;0,0
-1;0,0
-1;0,0
3;0,0;
0;0,0;
-1;0,0
1;0,0;
-1;0,0
-1;0,0
20;99,82008828957385;
-1;0,0
2;76,82403620978788;
1;0,0;
-1;0,0
1;0,0;
-1;0,0
4;99,92657274071996;
-1;0,0
-1;0,0
5;98,83663745965782;
6;99,92044342932441;
2;91,07231589935725;
-1;0,0
5;99,42446108047746;
-1;0,0
2;59,32039111799241;
1;0,0;
-1;0,0
4;99,92657274071996;
6;99,9066463727876;
13;99,33447858840435;
17;99,2980542122583;
4;98,56813703476493;
32;96,83772233983163;
2;95,91633609208111;
2;88,92360019600576;
2;86,39802802274545;
1;0,0;
-1;0,0
-1;0,0
-1;0,0
2;0,0;
-1;0,0
2;0,0;
1;0,0;
0;0,0;
-1;0,0
-1;0,0
4;99,92657274071996;
4;99,88513969315656;
7;99,5135857932445;
10;99,36331045803355;
32;96,83772233983163;
4;93,86278276533815;
8;85,25422641519903;
-1;0,0
-1;0,0
-1;0,0
-1;0,0
2;0,0;
-1;0,0
1;0,0;
1;0,0;
1;0,0;
-1;0,0
-1;0,0
1;0,0;
1;0,0;
4;99,92657274071996;
6;99,92044342932441;
10;99,84922475187294;
15;99,33865290191775;
64;97,17710255234094;
2;83,50353879125615;
2;69,43568160114751;
2;59,32039111799241;
-1;0,0
-1;0,0
-1;0,0
2;0,0;
1;0,0;
-1;0,0
1;0,0;
-1;0,0
-1;0,0
-1;0,0
1;0,0;
2;0,0;
4;99,92657274071996;
6;99,90200381284272;
16;99,40483197777999;
17;99,2980542122583;
14;97,93063606511282;
3;93,69104984174186;
3;93,33941551949304;
20;89,7467909928829;
2;87,17722757072157;
2;83,52061809259848;
2;57,06689804536978;
2;0,0;
1;0,0;
1;0,0;
-1;0,0
-1;0,0
1;0,0;
-1;0,0
-1;0,0
1;0,0;
4;99,92657274071996;
4;99,84555154832849;
5;99,83065365800098;
22;99,73261745883217;
17;99,2980542122583;
208;96,83772233983163;
20;94,51474927416669;
2;83,77070274173522;
2;83,52061809259848;
1;0,0;
1;0,0;
0;0,0;
-1;0,0
-1;0,0
-1;0,0
-1;0,0
-1;0,0
1;0,0;
-1;0,0
-1;0,0
4;99,92657274071996;
4;99,898487411482;
10;99,86426867480408;
2;94,15682666245276;
2;87,72135542871241;
2;86,01344718921932;
2;76,82403620978788;
-1;0,0
-1;0,0
-1;0,0
-1;0,0
1;0,0;
1;0,0;
1;0,0;
-1;0,0
1;0,0;
-1;0,0
-1;0,0
2;0,0;
1;0,0;
4;99,92657274071996;
9;99,87754069241976;
12;99,86133976087113;
32;96,83772233983163;
2;95,9610380413899;
3;94,52986968559411;
3;94,20368114964137;
8;92,64949010907728;
2;88,8152909629317;
3;86,76403145272202;
2;84,58500162272593;
2;57,06689804536978;
1;0,0;
-1;0,0
-1;0,0
2;0,0;
-1;0,0
1;0,0;
-1;0,0
1;0,0;
4;99,92657274071996;
6;99,90200381284272;
32;96,83772233983163;
2;95,6029274824331;
8;92,64949010907728;
10;86,41449812498672;
-1;0,0
1;0,0;
-1;0,0
-1;0,0
0;0,0;
1;0,0;
1;0,0;
-1;0,0
2;0,0;
-1;0,0
-1;0,0
0;0,0;
-1;0,0
-1;0,0
4;99,92657274071996;
4;99,88513969315656;
7;99,8482952323366;
16;99,32956030958002;
14;98,23295028158743;
3;96,81333063528547;
2;94,56696850580741;
2;89,95290198991844;
3;67,5510354001294;
2;59,32039111799241;
-1;0,0
1;0,0;
-1;0,0
-1;0,0
1;0,0;
-1;0,0
1;0,0;
-1;0,0
-1;0,0
-1;0,0
-1;0,0
32;96,83772233983163;
-1;0,0
1;0,0;
26;99,0528134082168;
3;94,07413625963935;
-1;0,0
-1;0,0
3;92,76942042289672;
-1;0,0
3;67,5510354001294;
1;0,0;
-1;0,0
2;79,15861737407556;
1;0,0;
6;99,90200381284272;
-1;0,0
3;92,45838106369935;
2;87,95921194081998;
32;96,83772233983163;
4;99,90975188195183;
32;96,83772233983163;
3;95,28203238087303;
3;95,19291876078228;
2;93,32019745591714;
2;86,04892927537952;
2;84,58500162272593;
2;84,58500162272593;
2;79,45516034907585;
2;74,77436710860138;
2;56,946621042087365;
-1;0,0
2;0,0;
1;0,0;
1;0,0;
2;0,0;
-1;0,0
-1;0,0
1;0,0;
-1;0,0
4;99,90975188195183;
7;99,90541087854194;
4;99,84555154832849;
11;99,81744666867338;
3;90,54634598379292;
4;88,93697852758498;
-1;0,0
1;0,0;
0;0,0;
-1;0,0
-1;0,0
-1;0,0
2;0,0;
-1;0,0
2;0,0;
-1;0,0
1;0,0;
-1;0,0
-1;0,0
-1;0,0
4;99,92657274071996;
4;99,90975188195183;
16;99,32956030958002;
2;93,18699898973213;
5;90,49221286079946;
12;90,34565281077775;
2;83,98913667196241;
2;81,97144746622128;
-1;0,0
2;0,0;
-1;0,0
1;0,0;
1;0,0;
-1;0,0
-1;0,0
-1;0,0
-1;0,0
1;0,0;
-1;0,0
-1;0,0
4;99,92657274071996;
6;99,90200381284272;
14;99,81406901975234;
3;96,42970973252748;
2;95,5221311749619;
26;91,63694405586695;
3;91,10347791185545;
10;89,6171827941636;
2;88,92360019600576;
12;77,84142595352772;
2;59,32039111799241;
2;58,5008114771544;
-1;0,0
1;0,0;
1;0,0;
-1;0,0
-1;0,0
-1;0,0
-1;0,0
-1;0,0
4;99,92657274071996;
128;96,97665334438804;
32;96,83772233983163;
2;95,58605288396103;
2;95,23602311790734;
20;95,07572018184088;
3;94,07413625963935;
8;92,64949010907728;
3;89,8618250875985;
2;69,43568160114751;
3;0,0;
-1;0,0
1;0,0;
-1;0,0
-1;0,0
-1;0,0
1;0,0;
-1;0,0
-1;0,0
-1;0,0
4;99,92657274071996;
5;99,92391434058213;
6;99,920493882994;
4;99,85609692170941;
5;99,7884899012692;
10;99,75219528171088;
17;99,2980542122583;
128;96,97665334438804;
208;96,83772233983163;
2;92,05893749697907;
2;90,83197632527722;
3;67,5510354001294;
1;0,0;
-1;0,0
-1;0,0
1;0,0;
3;0,0;
-1;0,0
1;0,0;
1;0,0;
4;99,92657274071996;
6;99,9066463727876;
7;99,89602228197475;
20;99,82008828957385;
26;99,0528134082168;
32;96,83772233983163;
2;89,9483768746457;
2;83,52061809259848;
3;80,59440624784415;
2;78,0738444433815;
1;0,0;
-1;0,0
-1;0,0
-1;0,0
-1;0,0
-1;0,0
-1;0,0
1;0,0;
-1;0,0
1;0,0;
4;99,92657274071996;
4;99,88513969315656;
17;99,2980542122583;
32;96,83772233983163;
2;95,64819147669988;
3;91,21402770467427;
5;90,2411412950426;
2;83,64657493464449;
2;79,15861737407556;
2;77,82501702633262;
-1;0,0
-1;0,0
-1;0,0
-1;0,0
-1;0,0
1;0,0;
1;0,0;
1;0,0;
1;0,0;
-1;0,0
4;99,92657274071996;
22;99,73261745883217;
15;99,33865290191775;
3;96,81333063528547;
5;94,67727151861601;
2;94,5297098729525;
3;81,93104064004484;
3;67,5510354001294;
1;0,0;
-1;0,0
-1;0,0
-1;0,0
-1;0,0
-1;0,0
-1;0,0
-1;0,0
-1;0,0
-1;0,0
-1;0,0
-1;0,0
0;0,0;
1;0,0;
-1;0,0
2;90,88680042369285;
-1;0,0
2;0,0;
4;98,49504487715058;
2;0,0;
4;99,92657274071996;
32;96,83772233983163;
2;96,55989541923108;
-1;0,0
-1;0,0
-1;0,0
1;0,0;
1;0,0;
-1;0,0
1;0,0;
3;91,36660325008215;
2;0,0;
4;99,92657274071996;
5;99,92182792189223;
17;99,32471991370156;
32;96,83772233983163;
3;94,52986968559411;
2;91,12499219611165;
3;89,55751656796855;
3;85,87409577305954;
2;59,32039111799241;
-1;0,0
-1;0,0
2;0,0;
1;0,0;
3;0,0;
1;0,0;
-1;0,0
-1;0,0
-1;0,0
-1;0,0
-1;0,0
4;99,92657274071996;
6;99,90955777262309;
14;99,81406901975234;
8;99,28717937610084;
2;84,58500162272593;
-1;0,0
-1;0,0
-1;0,0
-1;0,0
1;0,0;
0;0,0;
-1;0,0
-1;0,0
-1;0,0
2;0,0;
-1;0,0
-1;0,0
-1;0,0
-1;0,0
-1;0,0
4;99,92657274071996;
6;99,90692748317966;
7;99,89121429442956;
4;99,88043934083544;
5;98,7105375263391;
4;98,56688715722586;
2;97,73949960545788;
116;93,88590901075652;
2;78,0738444433815;
2;77,82501702633262;
1;0,0;
1;0,0;
-1;0,0
1;0,0;
2;0,0;
-1;0,0
1;0,0;
1;0,0;
1;0,0;
-1;0,0
4;99,92657274071996;
6;99,92044342932441;
7;99,84898752809029;
4;94,31630586343289;
12;93,65426464089681;
2;81,97144746622128;
2;72,8062958642207;
1;0,0;
-1;0,0
-1;0,0
2;0,0;
2;0,0;
0;0,0;
-1;0,0
-1;0,0
1;0,0;
1;0,0;
4;0,0;
1;0,0;
1;0,0;
4;99,92657274071996;
4;99,91732068147311;
6;99,90200436556943;
4;99,84555154832849;
16;99,75641717663383;
16;99,32956030958002;
32;96,83772233983163;
2;89,42334394147184;
2;83,52061809259848;
2;76,82403620978788;
3;67,5510354001294;
2;58,5008114771544;
-1;0,0
-1;0,0
1;0,0;
-1;0,0
-1;0,0
-1;0,0
1;0,0;
1;0,0;
4;99,92657274071996;
4;99,898487411482;
19;99,40112208863388;
26;99,0528134082168;
2;97,75266712512253;
2;92,93846636439562;
8;92,64949010907728;
2;91,37197194771683;
9;89,0346127654444;
2;88,92360019600576;
2;88,12523816645134;
2;87,64176051008856;
2;86,17708437147604;
2;85,04607924449643;
2;81,97144746622128;
2;0,0;
-1;0,0
2;0,0;
1;0,0;
-1;0,0
4;99,92657274071996;
8;99,91279727537542;
4;99,898487411482;
208;96,83772233983163;
2;95,67796920570902;
2;93,6128208551208;
3;86,54912707945283;
-1;0,0
-1;0,0
-1;0,0
1;0,0;
1;0,0;
0;0,0;
-1;0,0
-1;0,0
-1;0,0
-1;0,0
-1;0,0
-1;0,0
0;0,0;
4;99,92657274071996;
32;96,83772233983163;
32;96,83772233983163;
32;96,83772233983163;
2;95,87943930153338;
1;0,0;
-1;0,0
-1;0,0
1;0,0;
1;0,0;
-1;0,0
-1;0,0
0;0,0;
-1;0,0
1;0,0;
-1;0,0
-1;0,0
-1;0,0
0;0,0;
2;0,0;
4;99,92657274071996;
6;99,90942436707986;
13;99,33447858840435;
4;98,56316147091704;
9;98,27814313026856;
64;97,17710255234094;
2;95,52001720310092;
3;94,52986968559411;
4;94,15009621102263;
12;90,34565281077775;
3;86,76403145272202;
2;74,77436710860138;
1;0,0;
1;0,0;
-1;0,0
1;0,0;
1;0,0;
0;0,0;
-1;0,0
-1;0,0
-1;0,0
-1;0,0
-1;0,0
18;94,68455908452306;
-1;0,0
-1;0,0
1;0,0;
2;81,97144746622128;
2;69,43568160114751;
1;0,0;
6;98,75976804826053;
-1;0,0
1;0,0;
1;0,0;
2;0,0;
2;86,6944298365905;
2;87,33794167788793;
1;0,0;
0;0,0;
1;0,0;
4;99,92657274071996;
22;99,79977624513772;
2;96,86734551522007;
32;96,83772233983163;
3;95,98621777327243;
5;94,22478369825352;
10;92,7186573592648;
2;89,38356536008155;
2;86,19353476408114;
4;77,98869774881058;
-1;0,0
1;0,0;
-1;0,0
1;0,0;
1;0,0;
-1;0,0
1;0,0;
-1;0,0
-1;0,0
1;0,0;
3;99,96490761976735;
6;99,92456326694385;
6;99,92456326694385;
7;99,8837144906516;
11;99,81744666867338;
4;97,7296169540675;
32;96,83772233983163;
2;87,90582230346583;
1;0,0;
-1;0,0
2;0,0;
-1;0,0
1;0,0;
0;0,0;
-1;0,0
-1;0,0
-1;0,0
-1;0,0
0;0,0;
1;0,0;
3;99,96490761976735;
4;99,81586389013135;
2;99,29935093305798;
6;92,31854656574878;
2;91,66189025773375;
2;85,81223504355656;
2;83,50353879125615;
2;80,09369028237381;
2;72,8062958642207;
-1;0,0
1;0,0;
-1;0,0
-1;0,0
3;0,0;
1;0,0;
-1;0,0
-1;0,0
-1;0,0
-1;0,0
-1;0,0
3;99,96490761976735;
6;99,9066463727876;
7;99,90278676060157;
12;99,86133976087113;
8;99,81268329568863;
64;97,17710255234094;
11;94,07554295515628;
18;91,70862205145434;
5;91,12797298625779;
2;79,15861737407556;
1;0,0;
2;0,0;
-1;0,0
-1;0,0
1;0,0;
1;0,0;
2;0,0;
-1;0,0
-1;0,0
1;0,0;
3;99,96490761976735;
4;99,92657274071996;
6;99,90955777262309;
7;99,5135857932445;
2;90,9154945538216;
2;89,2594470493579;
2;84,58500162272593;
3;81,93104064004484;
2;58,5008114771544;
-1;0,0
1;0,0;
1;0,0;
2;0,0;
1;0,0;
1;0,0;
1;0,0;
1;0,0;
-1;0,0
1;0,0;
-1;0,0
3;99,96490761976735;
6;99,92456326694385;
6;99,90942436707986;
14;99,75783628962867;
64;97,17710255234094;
2;96,88260156805725;
32;96,83772233983163;
2;94,64314546219532;
3;94,07413625963935;
2;89,79549846639613;
2;88,75937839372492;
3;85,87409577305954;
-1;0,0
1;0,0;
-1;0,0
-1;0,0
-1;0,0
-1;0,0
-1;0,0
1;0,0;
3;99,96490761976735;
3;99,95866058115237;
32;96,83772233983163;
2;96,19168498752694;
14;93,97306412050442;
3;90,54634598379292;
2;85,76593333217171;
2;84,03470180870391;
1;0,0;
-1;0,0
-1;0,0
1;0,0;
1;0,0;
-1;0,0
1;0,0;
-1;0,0
-1;0,0
0;0,0;
-1;0,0
-1;0,0
3;99,96490761976735;
22;99,73261745883217;
8;99,28717937610084;
2;96,87324346555367;
20;91,13322226620694;
3;90,54634598379292;
3;85,5901606159861;
2;84,97073846751589;
4;77,88407944716114;
-1;0,0
1;0,0;
-1;0,0
1;0,0;
1;0,0;
1;0,0;
1;0,0;
-1;0,0
1;0,0;
1;0,0;
2;0,0;
3;99,96490761976735;
4;99,92657274071996;
4;99,90975188195183;
6;98,75976804826053;
32;96,83772233983163;
18;94,68455908452306;
3;93,99319942023304;
2;92,26990456161614;
3;89,57236357953198;
2;83,50353879125615;
2;81,97144746622128;
-1;0,0
1;0,0;
0;0,0;
1;0,0;
-1;0,0
1;0,0;
-1;0,0
-1;0,0
-1;0,0
1;0,0;
32;96,83772233983163;
32;96,83772233983163;
-1;0,0
6;98,81922059558264;
20;89,7467909928829;
1;0,0;
1;0,0;
11;99,83958282661071;
1;0,0;
3;94,52986968559411;
2;72,8062958642207;
2;0,0;
2;89,5693057414163;
-1;0,0
-1;0,0
0;0,0;
6;92,8327293505766;
5;89,25490368549175;
-1;0,0
7;99,86723022279394;
5;99,42446108047746;
32;96,83772233983163;
32;96,83772233983163;
3;94,06478985073939;
31;91,63535536624273;
2;91,35667372146528;
2;88,92360019600576;
2;81,97144746622128;
3;81,47795217830726;
3;0,0;
1;0,0;
2;0,0;
-1;0,0
1;0,0;
-1;0,0
1;0,0;
-1;0,0
-1;0,0
-1;0,0
7;99,86723022279394;
2;99,31906549076697;
15;98,42534532671999;
2;97,74353158796738;
4;95,62322985178159;
2;95,5221311749619;
3;93,93853852702951;
2;93,4593379683022;
5;91,12797298625779;
14;90,01302411027056;
1;0,0;
3;0,0;
-1;0,0
-1;0,0
-1;0,0
-1;0,0
-1;0,0
1;0,0;
-1;0,0
-1;0,0
4;99,91732068147311;
6;99,90955777262309;
7;99,87156682732171;
5;99,85082418748281;
2;96,86734255161682;
4;92,95398440201484;
4;88,48701615070233;
2;85,97796314326327;
2;78,0738444433815;
-1;0,0
-1;0,0
-1;0,0
-1;0,0
1;0,0;
3;0,0;
-1;0,0
1;0,0;
-1;0,0
-1;0,0
-1;0,0
4;99,91732068147311;
64;97,17710255234094;
11;95,68432431498431;
3;94,74048316961783;
2;94,56696850580741;
20;94,51474927416669;
6;92,71428769186286;
3;92,21294821912097;
2;91,93647935675588;
3;85,87409577305954;
1;0,0;
-1;0,0
-1;0,0
-1;0,0
0;0,0;
-1;0,0
-1;0,0
2;0,0;
-1;0,0
-1;0,0
4;99,91732068147311;
6;99,90692748317966;
7;99,81030931684401;
16;99,32956030958002;
2;95,46198584232887;
3;93,69104984174186;
3;92,55183044314131;
2;83,28367426810944;
-1;0,0
1;0,0;
-1;0,0
-1;0,0
-1;0,0
1;0,0;
1;0,0;
1;0,0;
-1;0,0
-1;0,0
-1;0,0
1;0,0;
4;99,91732068147311;
7;99,87156593021867;
14;99,75783628962867;
32;96,83772233983163;
12;93,65426464089681;
2;85,67099703921298;
2;85,3067806935665;
2;83,50353879125615;
2;59,32039111799241;
-1;0,0
-1;0,0
1;0,0;
3;0,0;
-1;0,0
-1;0,0
-1;0,0
1;0,0;
-1;0,0
0;0,0;
-1;0,0
6;99,92456326694385;
8;99,89800173901827;
4;99,82291382954496;
32;96,83772233983163;
2;91,02079500113481;
3;85,87409577305954;
3;67,5510354001294;
2;56,946621042087365;
-1;0,0
1;0,0;
1;0,0;
2;0,0;
0;0,0;
1;0,0;
3;0,0;
1;0,0;
1;0,0;
1;0,0;
-1;0,0
-1;0,0
6;99,92456326694385;
4;99,90975188195183;
4;98,60422055663096;
3;96,81333063528547;
4;93,1790422898962;
2;90,84368067718896;
2;88,33786274111985;
2;76,82403620978788;
2;58,5008114771544;
-1;0,0
-1;0,0
1;0,0;
-1;0,0
1;0,0;
-1;0,0
-1;0,0
1;0,0;
1;0,0;
-1;0,0
-1;0,0
6;99,92456326694385;
6;99,90955777262309;
32;96,83772233983163;
32;96,83772233983163;
2;96,80783364748152;
9;93,08699217063364;
6;90,6065616613223;
12;90,08356267721517;
2;84,58500162272593;
2;72,8062958642207;
-1;0,0
-1;0,0
-1;0,0
-1;0,0
1;0,0;
1;0,0;
1;0,0;
1;0,0;
-1;0,0
-1;0,0
-1;0,0
-1;0,0
2;84,0461128809836;
-1;0,0
17;99,2980542122583;
-1;0,0
-1;0,0
0;0,0;
14;93,97306412050442;
2;94,44691866703332;
-1;0,0
1;0,0;
-1;0,0
17;89,64497654245254;
1;0,0;
6;99,92456326694385;
-1;0,0
-1;0,0
2;0,0;
1;0,0;
6;99,92456326694385;
19;99,40112208863388;
17;99,2980542122583;
6;95,2868524784383;
10;92,7186573592648;
3;89,8618250875985;
2;86,76917946307255;
2;80,09369028237381;
2;72,8062958642207;
-1;0,0
-1;0,0
-1;0,0
2;0,0;
-1;0,0
1;0,0;
-1;0,0
1;0,0;
-1;0,0
-1;0,0
-1;0,0
4;99,92657274071996;
6;99,92456326694385;
11;99,83958282661071;
32;96,83772233983163;
208;96,83772233983163;
6;92,31854656574878;
2;83,81894419722904;
2;81,97144746622128;
3;79,20175994004039;
3;78,51227106009122;
1;0,0;
-1;0,0
-1;0,0
-1;0,0
-1;0,0
-1;0,0
1;0,0;
1;0,0;
2;0,0;
-1;0,0
4;99,92657274071996;
6;99,90942436707986;
11;99,7673197007609;
2;95,72305915676395;
7;93,41180580256461;
2;85,02059239573546;
2;83,50353879125615;
2;76,82403620978788;
3;67,5510354001294;
-1;0,0
-1;0,0
0;0,0;
-1;0,0
2;0,0;
-1;0,0
-1;0,0
0;0,0;
-1;0,0
1;0,0;
1;0,0;
4;99,92657274071996;
7;99,87156593021867;
7;99,8482952323366;
64;97,17710255234094;
2;96,8313787473776;
2;92,53429907795757;
2;92,22097546319591;
3;85,87409577305954;
2;79,15861737407556;
-1;0,0
-1;0,0
-1;0,0
1;0,0;
1;0,0;
3;0,0;
-1;0,0
3;0,0;
-1;0,0
-1;0,0
-1;0,0
4;99,92657274071996;
6;99,90200381284272;
7;99,81030931684401;
5;99,42446108047746;
2;96,79579331944;
2;96,05331481018071;
3;94,5301723610224;
4;91,55752388566891;
2;87,45147875665795;
2;83,52061809259848;
3;81,47795217830726;
2;80,09369028237381;
1;0,0;
1;0,0;
-1;0,0
-1;0,0
-1;0,0
1;0,0;
2;0,0;
-1;0,0
4;99,92657274071996;
5;99,92182792189223;
4;99,90975188195183;
11;99,7673197007609;
16;99,40483197777999;
32;96,83772233983163;
2;77,82501702633262;
2;57,06689804536978;
-1;0,0
-1;0,0
0;0,0;
-1;0,0
-1;0,0
-1;0,0
-1;0,0
-1;0,0
1;0,0;
-1;0,0
1;0,0;
-1;0,0
4;99,92657274071996;
4;99,88043934083544;
7;99,8482952323366;
5;99,83065365800098;
5;99,42446108047746;
10;99,36331045803355;
15;99,33865290191775;
13;99,33447858840435;
2;86,90085756410339;
3;83,10728791340652;
1;0,0;
-1;0,0
1;0,0;
-1;0,0
2;0,0;
-1;0,0
-1;0,0
-1;0,0
-1;0,0
-1;0,0
4;99,92657274071996;
10;99,85249405769227;
2;96,83455531083541;
2;94,5297098729525;
2;84,58500162272593;
2;83,50353879125615;
2;81,97144746622128;
2;81,97144746622128;
8;74,9745824700602;
2;0,0;
-1;0,0
-1;0,0
-1;0,0
0;0,0;
1;0,0;
0;0,0;
1;0,0;
-1;0,0
2;0,0;
-1;0,0
4;99,92657274071996;
4;99,92267261034615;
32;96,83772233983163;
4;95,43345611007913;
5;94,67727151861601;
14;93,97306412050442;
5;88,81745897263109;
2;88,00976445509102;
2;83,52061809259848;
1;0,0;
-1;0,0
3;0,0;
1;0,0;
-1;0,0
-1;0,0
-1;0,0
-1;0,0
-1;0,0
-1;0,0
1;0,0;
-1;0,0
2;0,0;
-1;0,0
208;96,83772233983163;
-1;0,0
1;0,0;
2;87,49627900259912;
-1;0,0
6;95,53564383044377;
-1;0,0
-1;0,0
-1;0,0
1;0,0;
1;0,0;
1;0,0;
-1;0,0
-1;0,0
3;88,1002576723573;
1;0,0;
-1;0,0
7;99,81030931684401;
10;99,40732444730463;
32;96,83772233983163;
2;91,99500733011038;
2;90,30314221379282;
-1;0,0
-1;0,0
-1;0,0
-1;0,0
-1;0,0
-1;0,0
-1;0,0
1;0,0;
-1;0,0
1;0,0;
2;0,0;
-1;0,0
1;0,0;
2;0,0;
1;0,0;
6;99,92044342932441;
9;99,87754069241976;
7;99,8482952323366;
7;99,5135857932445;
3;93,93853852702951;
2;91,8057498128844;
2;89,16930058264865;
10;86,41449812498672;
2;85,06802253533834;
3;67,5510354001294;
-1;0,0
1;0,0;
2;0,0;
-1;0,0
1;0,0;
-1;0,0
-1;0,0
1;0,0;
-1;0,0
-1;0,0
6;99,92044342932441;
6;99,9066463727876;
64;97,17710255234094;
32;96,83772233983163;
3;93,98608941693556;
15;93,26352590742076;
3;92,63758120526848;
2;87,6200698339307;
2;85,29297420937598;
2;80,09369028237381;
2;80,09369028237381;
3;0,0;
2;0,0;
-1;0,0
-1;0,0
-1;0,0
-1;0,0
-1;0,0
-1;0,0
2;0,0;
4;99,92657274071996;
15;98,62864607121698;
14;98,23295028158743;
41;93,04337279322861;
6;92,31854656574878;
3;89,57236357953198;
2;85,59726542719525;
-1;0,0
2;0,0;
-1;0,0
-1;0,0
2;0,0;
0;0,0;
-1;0,0
3;0,0;
-1;0,0
-1;0,0
1;0,0;
-1;0,0
-1;0,0
4;99,92657274071996;
6;99,90942436707986;
6;99,9066463727876;
22;99,73261745883217;
16;99,32956030958002;
26;99,0528134082168;
32;96,83772233983163;
2;92,54970462093868;
18;91,70862205145434;
2;86,49279742981817;
2;85,5172779034299;
8;85,25422641519903;
2;84,58500162272593;
-1;0,0
1;0,0;
-1;0,0
1;0,0;
-1;0,0
1;0,0;
1;0,0;
3;99,97150312243164;
6;99,92044342932441;
4;99,90975188195183;
4;99,898487411482;
11;99,7673197007609;
14;99,75783628962867;
7;99,5135857932445;
2;93,61828891500357;
2;92,94486002973714;
16;90,93007596462749;
3;85,71978394897938;
2;81,97144746622128;
-1;0,0
-1;0,0
3;0,0;
-1;0,0
-1;0,0
-1;0,0
1;0,0;
-1;0,0
3;99,97150312243164;
4;99,89269623319693;
32;96,83772233983163;
2;96,79579331944;
2;94,56696850580741;
6;94,16320386794371;
2;81,97144746622128;
1;0,0;
-1;0,0
-1;0,0
0;0,0;
1;0,0;
-1;0,0
1;0,0;
-1;0,0
-1;0,0
1;0,0;
1;0,0;
1;0,0;
1;0,0;
3;99,97150312243164;
4;99,92267261034615;
6;99,920493882994;
10;99,86426867480408;
26;99,0528134082168;
2;94,5297098729525;
16;93,55954828742658;
3;91,37487208871295;
2;87,67207680723068;
2;87,26105741055802;
3;86,76403145272202;
3;86,71158618577542;
2;86,41098486651654;
-1;0,0
-1;0,0
-1;0,0
-1;0,0
-1;0,0
-1;0,0
-1;0,0
3;99,97150312243164;
6;99,90955777262309;
7;99,87156593021867;
18;94,68455908452306;
3;93,95483866300134;
37;93,86966280428494;
12;93,65426464089681;
7;91,08467946203919;
5;90,49221286079946;
-1;0,0
0;0,0;
-1;0,0
-1;0,0
1;0,0;
-1;0,0
1;0,0;
-1;0,0
1;0,0;
-1;0,0
-1;0,0
1;0,0;
-1;0,0
3;93,69104984174186;
8;99,81268329568863;
8;99,81268329568863;
2;95,64819147669988;
-1;0,0
208;96,83772233983163;
7;99,87156593021867;
-1;0,0
1;0,0;
4;94,5202998336907;
-1;0,0
18;99,26719501674519;
3;92,78829291642427;
4;93,7300696111644;
2;80,09369028237381;
3;0,0;
-1;0,0
2;79,15861737407556;
8;99,89800173901827;
11;99,81744666867338;
16;99,75641717663383;
2;96,87993373706556;
2;95,91633609208111;
12;93,26272384398753;
12;89,98309093741041;
2;89,5693057414163;
2;78,0738444433815;
2;56,946621042087365;
-1;0,0
-1;0,0
-1;0,0
-1;0,0
0;0,0;
1;0,0;
-1;0,0
-1;0,0
-1;0,0
1;0,0;
6;99,920493882994;
7;99,87156593021867;
10;99,84922475187294;
32;96,83772233983163;
2;91,72067799654332;
6;91,37601571899432;
20;89,7467909928829;
1;0,0;
-1;0,0
-1;0,0
-1;0,0
-1;0,0
-1;0,0
0;0,0;
1;0,0;
-1;0,0
1;0,0;
-1;0,0
1;0,0;
-1;0,0
6;99,920493882994;
4;99,90975188195183;
7;99,89602228197475;
4;99,80236906584037;
14;93,97306412050442;
4;91,49202083437518;
2;84,58500162272593;
3;67,5510354001294;
1;0,0;
1;0,0;
1;0,0;
-1;0,0
-1;0,0
1;0,0;
-1;0,0
-1;0,0
-1;0,0
-1;0,0
1;0,0;
1;0,0;
6;99,92456326694385;
4;98,60422055663096;
64;97,17710255234094;
3;94,20368114964137;
3;94,07413625963935;
2;93,59414494443992;
37;92,77416162291094;
2;90,74565759231508;
2;85,798069522429;
2;81,97144746622128;
1;0,0;
1;0,0;
-1;0,0
1;0,0;
1;0,0;
2;0,0;
-1;0,0
-1;0,0
2;0,0;
1;0,0;
6;99,92456326694385;
6;99,9066463727876;
2;96,16686888896906;
7;94,70225468205635;
2;94,5297098729525;
16;93,55954828742658;
6;92,98466518089398;
2;81,97144746622128;
-1;0,0
1;0,0;
-1;0,0
0;0,0;
-1;0,0
-1;0,0
1;0,0;
1;0,0;
1;0,0;
1;0,0;
-1;0,0
1;0,0;
6;99,92456326694385;
3;94,52986968559411;
12;93,65426464089681;
2;93,11013584368749;
16;92,43603432733741;
3;89,57236357953198;
2;69,43568160114751;
2;59,32039111799241;
-1;0,0
-1;0,0
-1;0,0
-1;0,0
2;0,0;
-1;0,0
-1;0,0
-1;0,0
3;0,0;
-1;0,0
1;0,0;
-1;0,0
6;99,92456326694385;
10;99,85249405769227;
4;98,56813703476493;
2;96,89686467547025;
14;95,1003636838631;
3;94,70235954655122;
2;93,82201609259056;
12;93,65426464089681;
2;93,06378827191844;
6;92,8327293505766;
18;89,91796044155126;
1;0,0;
-1;0,0
1;0,0;
1;0,0;
-1;0,0
1;0,0;
-1;0,0
-1;0,0
-1;0,0
6;99,92456326694385;
14;99,81406901975234;
6;98,75976804826053;
6;98,75976804826053;
128;96,97665334438804;
3;93,95483866300134;
2;92,10133266344981;
11;92,01883610254573;
2;90,55545751684865;
2;84,58500162272593;
0;0,0;
-1;0,0
1;0,0;
-1;0,0
1;0,0;
-1;0,0
-1;0,0
-1;0,0
-1;0,0
-1;0,0
6;99,92456326694385;
4;99,91732068147311;
8;99,89800173901827;
10;99,86426867480408;
14;99,81406901975234;
7;99,81030931684401;
128;96,97665334438804;
2;96,89512810972106;
10;92,7186573592648;
3;85,87409577305954;
-1;0,0
0;0,0;
2;0,0;
2;0,0;
2;0,0;
1;0,0;
-1;0,0
1;0,0;
1;0,0;
1;0,0;
1;0,0;
6;99,90942436707986;
1;0,0;
2;0,0;
-1;0,0
0;0,0;
1;0,0;
20;94,51474927416669;
2;0,0;
2;83,50353879125615;
2;81,97144746622128;
0;0,0;
-1;0,0
5;98,7105375263391;
3;81,93104064004484;
6;99,9066463727876;
2;94,10173707357778;
-1;0,0
17;99,2980542122583;
-1;0,0
6;99,90942436707986;
32;96,83772233983163;
2;93,681538905219;
12;93,65426464089681;
8;90,91375764943493;
3;90,74244030399541;
2;83,52061809259848;
2;83,50353879125615;
-1;0,0
2;0,0;
2;0,0;
1;0,0;
-1;0,0
-1;0,0
1;0,0;
-1;0,0
-1;0,0
-1;0,0
1;0,0;
-1;0,0
6;99,92044342932441;
6;99,90843603744631;
4;99,898487411482;
9;99,87754069241976;
64;97,17710255234094;
2;94,95659506638482;
3;86,54912707945283;
2;85,30604517068564;
1;0,0;
-1;0,0
-1;0,0
-1;0,0
1;0,0;
3;0,0;
-1;0,0
-1;0,0
-1;0,0
-1;0,0
1;0,0;
-1;0,0
6;99,92044342932441;
24;99,7120413945758;
2;97,75775735334562;
208;96,83772233983163;
2;96,79579331944;
2;96,2918951621796;
2;94,95967780874814;
5;88,81745897263109;
4;86,23061573622624;
3;85,87409577305954;
2;74,77436710860138;
2;58,5008114771544;
1;0,0;
1;0,0;
-1;0,0
2;0,0;
-1;0,0
-1;0,0
3;0,0;
-1;0,0
6;99,920493882994;
6;99,9066463727876;
14;99,75783628962867;
18;99,26719501674519;
128;96,97665334438804;
32;96,83772233983163;
5;95,2197850101096;
3;94,20368114964137;
2;92,94663201016702;
2;83,89044076221207;
-1;0,0
-1;0,0
-1;0,0
-1;0,0
1;0,0;
1;0,0;
1;0,0;
3;0,0;
-1;0,0
-1;0,0
6;99,920493882994;
7;99,8482594697127;
16;99,75641717663383;
15;98,42534532671999;
2;95,3200882457952;
11;91,34718994720268;
2;90,91235295221381;
2;88,67197836892605;
2;83,52061809259848;
1;0,0;
-1;0,0
1;0,0;
0;0,0;
0;0,0;
1;0,0;
-1;0,0
1;0,0;
-1;0,0
-1;0,0
1;0,0;
6;99,920493882994;
4;99,91732068147311;
11;99,83958282661071;
17;99,2980542122583;
2;90,25526702058593;
3;89,28682810214916;
10;86,41449812498672;
2;84,58500162272593;
2;81,97144746622128;
2;58,5008114771544;
-1;0,0
-1;0,0
1;0,0;
1;0,0;
2;0,0;
-1;0,0
1;0,0;
3;0,0;
-1;0,0
-1;0,0
6;99,920493882994;
4;99,89269623319693;
7;99,8482594697127;
6;92,8327293505766;
2;88,41014215787307;
2;81,97144746622128;
3;80,59440624784415;
-1;0,0
3;0,0;
-1;0,0
1;0,0;
-1;0,0
0;0,0;
-1;0,0
2;0,0;
1;0,0;
-1;0,0
-1;0,0
-1;0,0
1;0,0;
6;99,920493882994;
7;99,87156593021867;
16;99,40483197777999;
64;97,17710255234094;
2;95,17859586229305;
18;94,68455908452306;
3;92,25837208359849;
5;92,23392438615745;
3;90,44618763281701;
2;84,58500162272593;
2;83,50353879125615;
2;80,09369028237381;
-1;0,0
-1;0,0
2;0,0;
1;0,0;
1;0,0;
-1;0,0
3;0,0;
0;0,0;
6;99,920493882994;
6;99,90942436707986;
7;99,87156593021867;
16;93,55954828742658;
2;92,27421834044657;
14;90,66692703199358;
10;89,93973291285242;
3;89,90480280930704;
8;89,08303586074368;
2;83,52061809259848;
2;81,97144746622128;
-1;0,0
1;0,0;
1;0,0;
1;0,0;
-1;0,0
-1;0,0
-1;0,0
1;0,0;
1;0,0;
3;93,95483866300134;
2;81,97144746622128;
1;0,0;
-1;0,0
-1;0,0
4;99,92267261034615;
-1;0,0
-1;0,0
-1;0,0
2;92,94663201016702;
-1;0,0
7;99,5135857932445;
128;96,97665334438804;
-1;0,0
3;0,0;
0;0,0;
32;96,83772233983163;
4;99,80236906584037;
7;99,85643313470152;
3;78,51227106009122;
4;99,92267261034615;
6;99,90200436556943;
9;99,8405171883964;
2;96,86415569028046;
6;92,31854656574878;
3;91,42368469609032;
3;86,71158618577542;
3;67,5510354001294;
-1;0,0
-1;0,0
0;0,0;
-1;0,0
0;0,0;
-1;0,0
1;0,0;
1;0,0;
1;0,0;
-1;0,0
1;0,0;
-1;0,0
4;99,92267261034615;
7;99,90541087854194;
8;99,17552312558824;
2;95,3200882457952;
3;95,28461525896826;
20;94,51474927416669;
4;93,4625661054467;
2;77,82501702633262;
-1;0,0
-1;0,0
-1;0,0
-1;0,0
-1;0,0
-1;0,0
0;0,0;
1;0,0;
-1;0,0
1;0,0;
2;0,0;
1;0,0;
4;99,92267261034615;
6;99,92044342932441;
7;99,85643313470152;
3;93,69104984174186;
6;92,8327293505766;
8;92,64949010907728;
2;92,53281115640715;
28;91,95960227269295;
8;91,89906417950387;
2;91,28214191619686;
2;83,52061809259848;
2;0,0;
0;0,0;
-1;0,0
-1;0,0
-1;0,0
1;0,0;
-1;0,0
-1;0,0
1;0,0;
4;99,92267261034615;
9;99,84398827115916;
3;94,20368114964137;
20;91,13322226620694;
2;88,64185667046196;
2;82,54314920907618;
-1;0,0
-1;0,0
1;0,0;
-1;0,0
-1;0,0
1;0,0;
-1;0,0
-1;0,0
-1;0,0
-1;0,0
-1;0,0
-1;0,0
-1;0,0
1;0,0;
4;99,92267261034615;
7;99,81030931684401;
19;99,40112208863388;
32;96,83772233983163;
12;93,65426464089681;
16;90,93007596462749;
7;89,19424578317016;
3;85,87409577305954;
2;79,15861737407556;
1;0,0;
-1;0,0
-1;0,0
-1;0,0
-1;0,0
-1;0,0
-1;0,0
-1;0,0
-1;0,0
1;0,0;
2;0,0;
4;99,97302612854475;
4;99,92267261034615;
8;99,91279727537542;
6;99,90843603744631;
22;99,79977624513772;
11;99,7673197007609;
2;91,0429310327601;
3;89,57236357953198;
2;85,1591769285187;
2;81,97144746622128;
2;0,0;
1;0,0;
-1;0,0
-1;0,0
-1;0,0
-1;0,0
1;0,0;
-1;0,0
-1;0,0
1;0,0;
4;99,97302612854475;
4;99,88043934083544;
2;92,94663201016702;
2;87,73878277186446;
2;87,44957545363339;
3;85,87409577305954;
3;67,5510354001294;
3;0,0;
-1;0,0
1;0,0;
-1;0,0
1;0,0;
1;0,0;
1;0,0;
-1;0,0
1;0,0;
2;0,0;
-1;0,0
-1;0,0
1;0,0;
4;99,97302612854475;
5;98,83663745965782;
8;92,64949010907728;
-1;0,0
2;0,0;
2;0,0;
-1;0,0
-1;0,0
1;0,0;
-1;0,0
-1;0,0
-1;0,0
-1;0,0
-1;0,0
-1;0,0
1;0,0;
-1;0,0
-1;0,0
-1;0,0
-1;0,0
4;99,97302612854475;
7;99,90541087854194;
7;99,81030931684401;
64;97,17710255234094;
32;96,83772233983163;
2;95,59561104180689;
114;94,47816772180485;
2;88,43690057247493;
2;84,65803697856106;
2;83,52061809259848;
2;81,97144746622128;
2;79,45516034907585;
3;67,5510354001294;
1;0,0;
1;0,0;
-1;0,0
1;0,0;
-1;0,0
-1;0,0
-1;0,0
2;83,50353879125615;
208;96,83772233983163;
1;0,0;
1;0,0;
-1;0,0
2;0,0;
-1;0,0
0;0,0;
4;98,55898605169445;
-1;0,0
2;94,5297098729525;
1;0,0;
128;96,97665334438804;
-1;0,0
-1;0,0
6;92,8327293505766;
4;98,60422055663096;
-1;0,0
6;99,9066463727876;
-1;0,0
6;99,9066463727876;
4;99,88043934083544;
5;99,7884899012692;
208;96,83772233983163;
110;93,29963371626336;
20;92,15179297267825;
2;91,66189025773375;
2;91,66189025773375;
-1;0,0
2;0,0;
-1;0,0
1;0,0;
-1;0,0
-1;0,0
2;0,0;
-1;0,0
1;0,0;
-1;0,0
-1;0,0
1;0,0;
6;99,9066463727876;
7;99,87156593021867;
4;99,81586389013135;
3;96,42970973252748;
2;96,00568024162584;
3;90,54634598379292;
2;81,97144746622128;
2;72,8062958642207;
1;0,0;
-1;0,0
-1;0,0
-1;0,0
-1;0,0
0;0,0;
-1;0,0
-1;0,0
1;0,0;
1;0,0;
-1;0,0
-1;0,0
3;99,96490761976735;
18;99,26719501674519;
2;96,87993373706556;
3;95,28910724840493;
23;94,83101276346594;
21;94,74877179722282;
4;91,49202083437518;
2;90,73661880936783;
3;87,82278739105993;
-1;0,0
-1;0,0
1;0,0;
1;0,0;
-1;0,0
1;0,0;
1;0,0;
-1;0,0
-1;0,0
-1;0,0
-1;0,0
3;99,96490761976735;
4;99,84555154832849;
19;99,40112208863388;
32;96,83772233983163;
3;94,58714788601176;
8;92,64949010907728;
10;91,3597676416838;
3;81,93104064004484;
2;0,0;
1;0,0;
-1;0,0
-1;0,0
1;0,0;
-1;0,0
-1;0,0
1;0,0;
-1;0,0
-1;0,0
-1;0,0
0;0,0;
3;99,96490761976735;
9;98,37993897955731;
2;96,55989541923108;
2;95,65224494287938;
2;88,92360019600576;
2;85,42284848512567;
2;84,58500162272593;
-1;0,0
1;0,0;
-1;0,0
-1;0,0
1;0,0;
-1;0,0
-1;0,0
1;0,0;
-1;0,0
1;0,0;
-1;0,0
-1;0,0
-1;0,0
3;99,96490761976735;
5;99,92391434058213;
4;99,91732068147311;
7;99,87156593021867;
10;99,36331045803355;
2;95,3200882457952;
2;92,70322353851736;
3;89,90480280930704;
2;89,37411834069621;
2;86,16245911374378;
2;78,0738444433815;
2;58,5008114771544;
1;0,0;
-1;0,0
1;0,0;
-1;0,0
-1;0,0
0;0,0;
-1;0,0
-1;0,0
3;99,96490761976735;
17;99,32471991370156;
6;98,75976804826053;
7;95,23301822638824;
2;86,99567482122205;
3;86,76403145272202;
6;71,0102119495254;
-1;0,0
1;0,0;
1;0,0;
2;0,0;
-1;0,0
-1;0,0
-1;0,0
-1;0,0
1;0,0;
-1;0,0
-1;0,0
-1;0,0
0;0,0;
3;99,96490761976735;
3;99,95866058115237;
6;99,84051664220392;
14;99,81406901975234;
2;96,08669759902584;
2;95,67796920570902;
2;95,52338518964156;
3;95,00610502886362;
3;93,69104984174186;
3;83,06245157329074;
7;82,53870932623934;
2;72,8062958642207;
1;0,0;
-1;0,0
-1;0,0
-1;0,0
-1;0,0
1;0,0;
-1;0,0
2;0,0;
3;99,97150312243164;
6;99,9066463727876;
7;99,8482952323366;
15;99,33865290191775;
17;99,2980542122583;
14;98,05754835284293;
32;96,83772233983163;
18;94,68455908452306;
3;93,69104984174186;
8;92,64949010907728;
18;91,70862205145434;
4;91,13182747908736;
3;67,5510354001294;
2;58,5008114771544;
-1;0,0
-1;0,0
-1;0,0
-1;0,0
1;0,0;
-1;0,0
1;0,0;
-1;0,0
14;99,82205641356765;
3;85,87409577305954;
2;0,0;
-1;0,0
-1;0,0
1;0,0;
-1;0,0
1;0,0;
2;0,0;
1;0,0;
4;99,898487411482;
2;89,71429881826977;
7;99,81030931684401;
-1;0,0
2;89,6156822931407;
4;99,92657274071996;
-1;0,0
3;94,07413625963935;
4;99,92657274071996;
6;99,9066463727876;
7;99,81030931684401;
9;98,27814313026856;
2;95,57006866101129;
5;93,21099897043578;
3;91,36660325008215;
2;91,18309745869256;
6;90,38955984656805;
2;87,46848064267527;
0;0,0;
-1;0,0
-1;0,0
-1;0,0
-1;0,0
-1;0,0
-1;0,0
1;0,0;
-1;0,0
-1;0,0
4;99,92657274071996;
4;99,91732068147311;
6;99,9066463727876;
6;99,9066463727876;
6;99,90200436556943;
19;99,40112208863388;
2;95,9610380413899;
6;92,2405519238455;
14;90,66692703199358;
2;88,35800968951501;
-1;0,0
-1;0,0
-1;0,0
1;0,0;
-1;0,0
1;0,0;
-1;0,0
-1;0,0
-1;0,0
-1;0,0
4;99,92657274071996;
4;99,9244922296626;
7;99,87156593021867;
9;98,27814313026856;
8;97,0293077225736;
128;96,97665334438804;
32;96,83772233983163;
2;93,97378043445754;
2;89,93265917178962;
2;87,52762066535304;
2;87,37552864604748;
2;71,2808841851063;
2;56,946621042087365;
-1;0,0
0;0,0;
-1;0,0
2;0,0;
-1;0,0
-1;0,0
-1;0,0
4;99,92657274071996;
6;99,90692748317966;
14;99,82205641356765;
24;99,7120413945758;
5;91,12797298625779;
12;90,71313819733615;
2;83,50353879125615;
2;81,97144746622128;
2;81,97144746622128;
2;81,97144746622128;
3;67,5510354001294;
0;0,0;
-1;0,0
-1;0,0
1;0,0;
1;0,0;
-1;0,0
-1;0,0
1;0,0;
-1;0,0
4;99,92657274071996;
6;99,92044342932441;
4;99,91732068147311;
10;99,85249405769227;
32;96,83772233983163;
4;94,24694467826657;
6;92,8327293505766;
2;86,75471807157314;
2;59,32039111799241;
2;57,06689804536978;
-1;0,0
0;0,0;
1;0,0;
1;0,0;
1;0,0;
-1;0,0
-1;0,0
1;0,0;
1;0,0;
1;0,0;
4;99,92657274071996;
6;99,90692748317966;
4;99,88043934083544;
7;99,8482952323366;
32;96,83772233983163;
2;92,69547982655743;
2;81,97144746622128;
2;80,09369028237381;
2;56,946621042087365;
-1;0,0
1;0,0;
2;0,0;
-1;0,0
2;0,0;
-1;0,0
-1;0,0
-1;0,0
1;0,0;
-1;0,0
1;0,0;
4;99,92657274071996;
4;99,91732068147311;
8;99,28717937610084;
26;99,0528134082168;
64;97,17710255234094;
32;96,83772233983163;
6;92,8327293505766;
5;91,12797298625779;
2;88,92360019600576;
2;76,82403620978788;
0;0,0;
1;0,0;
1;0,0;
-1;0,0
1;0,0;
1;0,0;
1;0,0;
-1;0,0
-1;0,0
-1;0,0
4;99,92657274071996;
7;99,87156593021867;
5;99,42446108047746;
8;99,28717937610084;
2;97,7594464252589;
3;91,36660325008215;
3;81,93104064004484;
-1;0,0
-1;0,0
0;0,0;
-1;0,0
-1;0,0
1;0,0;
1;0,0;
2;0,0;
2;0,0;
-1;0,0
-1;0,0
-1;0,0
-1;0,0
4;99,92657274071996;
8;99,89800173901827;
24;99,7120413945758;
5;99,42446108047746;
3;92,63758120526848;
37;92,20261263125475;
2;91,66189025773375;
3;81,47795217830726;
2;78,0738444433815;
3;67,5510354001294;
3;67,5510354001294;
1;0,0;
3;0,0;
-1;0,0
-1;0,0
1;0,0;
-1;0,0
2;0,0;
1;0,0;
-1;0,0
2;79,15861737407556;
2;0,0;
6;99,92456326694385;
-1;0,0
1;0,0;
3;99,97150312243164;
14;99,82205641356765;
-1;0,0
2;0,0;
-1;0,0
2;0,0;
-1;0,0
2;91,66189025773375;
7;99,85643313470152;
2;88,64892212943629;
-1;0,0
-1;0,0
0;0,0;
2;59,32039111799241;
-1;0,0
3;99,97150312243164;
13;99,74336935119712;
64;97,17710255234094;
2;96,8313787473776;
2;96,17885491277418;
10;92,7186573592648;
3;90,7194214655332;
3;85,87409577305954;
1;0,0;
1;0,0;
2;0,0;
-1;0,0
-1;0,0
1;0,0;
-1;0,0
-1;0,0
-1;0,0
1;0,0;
-1;0,0
-1;0,0
3;99,97150312243164;
3;99,95866058115237;
7;99,8482952323366;
7;99,8482952323366;
128;96,97665334438804;
2;95,41723644309226;
14;93,97306412050442;
2;83,52061809259848;
3;81,93104064004484;
1;0,0;
-1;0,0
-1;0,0
-1;0,0
-1;0,0
-1;0,0
-1;0,0
-1;0,0
-1;0,0
-1;0,0
2;0,0;
3;99,97150312243164;
6;99,90692748317966;
7;99,89015476579081;
7;99,81030931684401;
13;99,74336935119712;
32;96,83772233983163;
2;94,98175542535142;
4;92,95398440201484;
2;81,97144746622128;
3;81,47795217830726;
3;80,59440624784415;
1;0,0;
1;0,0;
-1;0,0
3;0,0;
2;0,0;
-1;0,0
1;0,0;
-1;0,0
0;0,0;
3;99,97150312243164;
6;99,90942436707986;
8;99,81268329568863;
17;99,2980542122583;
3;93,60511290344742;
2;92,94663201016702;
3;83,06245157329074;
-1;0,0
2;0,0;
-1;0,0
-1;0,0
1;0,0;
1;0,0;
-1;0,0
1;0,0;
-1;0,0
-1;0,0
2;0,0;
-1;0,0
1;0,0;
3;99,97150312243164;
16;99,75641717663383;
64;97,17710255234094;
64;97,17710255234094;
18;94,68455908452306;
2;94,5297098729525;
6;94,16320386794371;
3;93,93944431931226;
6;91,37601571899432;
2;79,15861737407556;
1;0,0;
-1;0,0
-1;0,0
-1;0,0
-1;0,0
1;0,0;
1;0,0;
-1;0,0
1;0,0;
-1;0,0
3;99,97870644942533;
12;99,86133976087113;
16;99,40483197777999;
64;97,17710255234094;
2;96,1654930998218;
2;85,50414131072274;
1;0,0;
-1;0,0
-1;0,0
2;0,0;
1;0,0;
1;0,0;
1;0,0;
1;0,0;
0;0,0;
2;0,0;
3;0,0;
3;0,0;
2;0,0;
-1;0,0
3;99,97870644942533;
17;99,2980542122583;
208;96,83772233983163;
16;93,55954828742658;
2;85,66078901935276;
2;56,946621042087365;
-1;0,0
-1;0,0
-1;0,0
-1;0,0
1;0,0;
1;0,0;
0;0,0;
1;0,0;
-1;0,0
1;0,0;
-1;0,0
-1;0,0
-1;0,0
1;0,0;
3;99,97870644942533;
6;99,90200381284272;
10;99,85249405769227;
10;99,82606039577878;
7;99,5135857932445;
3;94,52986968559411;
2;90,9592310033741;
2;89,16930058264865;
-1;0,0
1;0,0;
-1;0,0
-1;0,0
1;0,0;
-1;0,0
-1;0,0
-1;0,0
1;0,0;
-1;0,0
-1;0,0
2;0,0;
3;99,97870644942533;
4;99,91732068147311;
7;99,86723022279394;
7;99,86722870778947;
32;96,83772233983163;
8;92,64949010907728;
2;89,93265917178962;
2;88,64547906665214;
2;85,21956246939027;
2;83,52061809259848;
3;83,06245157329074;
3;81,93104064004484;
-1;0,0
1;0,0;
-1;0,0
-1;0,0
-1;0,0
-1;0,0
-1;0,0
-1;0,0
7;99,90541087854194;
-1;0,0
2;84,58500162272593;
-1;0,0
2;0,0;
4;99,84555154832849;
-1;0,0
1;0,0;
1;0,0;
0;0,0;
6;99,90200381284272;
6;99,90200381284272;
2;87,23893514824206;
2;89,39347061756686;
-1;0,0
10;92,7186573592648;
-1;0,0
-1;0,0
-1;0,0
-1;0,0
4;99,90975188195183;
12;99,86133976087113;
13;99,33447858840435;
4;98,55687454304645;
2;95,419422666515;
3;91,36660325008215;
2;88,49164875802327;
2;87,48463828178437;
3;67,5510354001294;
2;58,5008114771544;
0;0,0;
-1;0,0
-1;0,0
3;0,0;
1;0,0;
-1;0,0
-1;0,0
-1;0,0
-1;0,0
-1;0,0
4;99,90975188195183;
9;99,8405171883964;
5;99,7884899012692;
8;99,28717937610084;
32;96,83772233983163;
3;95,87957178284834;
2;94,5297098729525;
3;80,59440624784415;
2;78,0738444433815;
2;76,82403620978788;
4;75,35042464615321;
-1;0,0
-1;0,0
-1;0,0
-1;0,0
1;0,0;
-1;0,0
-1;0,0
1;0,0;
-1;0,0
4;99,90975188195183;
14;99,81295627081047;
8;99,28717937610084;
15;98,62864607121698;
32;96,83772233983163;
-1;0,0
1;0,0;
-1;0,0
-1;0,0
-1;0,0
-1;0,0
-1;0,0
2;0,0;
-1;0,0
1;0,0;
-1;0,0
1;0,0;
-1;0,0
0;0,0;
2;0,0;
4;99,90975188195183;
4;99,88043934083544;
9;99,87754069241976;
14;99,82205641356765;
20;99,82008828957385;
32;96,83772233983163;
2;96,01824354009774;
3;89,66050382741447;
0;0,0;
-1;0,0
-1;0,0
-1;0,0
-1;0,0
-1;0,0
-1;0,0
-1;0,0
-1;0,0
-1;0,0
-1;0,0
-1;0,0
3;99,99953612047227;
4;99,92267261034615;
7;99,87156593021867;
3;95,69358708997427;
9;91,48588795580201;
2;90,79525501559058;
2;81,97144746622128;
2;71,2808841851063;
-1;0,0
-1;0,0
-1;0,0
1;0,0;
-1;0,0
1;0,0;
2;0,0;
-1;0,0
-1;0,0
-1;0,0
0;0,0;
0;0,0;
3;99,99953612047227;
6;99,90692748317966;
5;99,7884899012692;
2;95,55629385550786;
2;94,61108507764281;
3;94,5301723610224;
20;94,51474927416669;
2;94,13079277826422;
12;93,65426464089681;
3;93,57996072621158;
10;92,7186573592648;
7;90,96866643425446;
2;90,63982000172098;
2;79,15861737407556;
-1;0,0
1;0,0;
-1;0,0
0;0,0;
-1;0,0
-1;0,0
3;99,99953612047227;
8;99,89800173901827;
9;99,8405171883964;
10;99,75219528171088;
32;96,83772233983163;
32;96,83772233983163;
2;96,79579331944;
2;95,13941828764449;
3;93,93853852702951;
16;93,55954828742658;
3;93,46118879894189;
3;81,47795217830726;
-1;0,0
-1;0,0
-1;0,0
1;0,0;
-1;0,0
1;0,0;
1;0,0;
0;0,0;
3;99,99953612047227;
7;99,90278676060157;
7;99,89602228197475;
12;99,86133976087113;
7;99,81030931684401;
11;99,7673197007609;
24;99,7120413945758;
2;93,83386767717516;
16;93,5074875904839;
2;85,90007762780068;
3;81,47795217830726;
2;79,15861737407556;
2;56,946621042087365;
-1;0,0
-1;0,0
1;0,0;
1;0,0;
1;0,0;
-1;0,0
-1;0,0
3;99,99953612047227;
7;99,87156593021867;
4;99,84555154832849;
64;97,17710255234094;
2;92,35202370862831;
3;91,95716289828492;
2;91,36992852740829;
2;79,15861737407556;
2;59,32039111799241;
2;56,946621042087365;
1;0,0;
1;0,0;
-1;0,0
-1;0,0
-1;0,0
-1;0,0
0;0,0;
-1;0,0
-1;0,0
-1;0,0
20;99,82008828957385;
-1;0,0
3;96,42970973252748;
-1;0,0
3;93,48058393168594;
1;0,0;
2;97,7543677177799;
1;0,0;
1;0,0;
32;96,83772233983163;
-1;0,0
-1;0,0
2;96,88260156805725;
9;99,8405171883964;
1;0,0;
-1;0,0
-1;0,0
1;0,0;
-1;0,0
1;0,0;
9;99,8405171883964;
16;99,75641717663383;
32;96,83772233983163;
2;94,5297098729525;
2;83,93443380355879;
2;57,06689804536978;
1;0,0;
-1;0,0
-1;0,0
-1;0,0
-1;0,0
1;0,0;
1;0,0;
-1;0,0
-1;0,0
1;0,0;
-1;0,0
1;0,0;
2;0,0;
0;0,0;
4;99,92267261034615;
7;99,8482952323366;
9;99,84398827115916;
5;99,7884899012692;
5;98,83663745965782;
32;96,83772233983163;
2;95,56896661812522;
18;94,68455908452306;
16;93,55954828742658;
-1;0,0
1;0,0;
1;0,0;
0;0,0;
1;0,0;
-1;0,0
-1;0,0
-1;0,0
-1;0,0
-1;0,0
1;0,0;
4;99,92267261034615;
9;99,8405171883964;
2;94,5297098729525;
2;94,5297098729525;
3;90,54634598379292;
2;84,58500162272593;
3;81,93104064004484;
-1;0,0
0;0,0;
-1;0,0
-1;0,0
1;0,0;
-1;0,0
1;0,0;
1;0,0;
-1;0,0
0;0,0;
1;0,0;
1;0,0;
1;0,0;
3;99,95866058115237;
7;99,90541087854194;
7;99,8482952323366;
2;95,5221311749619;
3;91,87318109224327;
2;91,52924377558361;
-1;0,0
-1;0,0
-1;0,0
-1;0,0
1;0,0;
-1;0,0
-1;0,0
1;0,0;
-1;0,0
-1;0,0
1;0,0;
-1;0,0
1;0,0;
1;0,0;
3;99,95866058115237;
4;99,92657274071996;
6;99,90824662519503;
6;99,90692748317966;
8;99,89800173901827;
7;99,81030931684401;
7;99,81030931684401;
7;99,81030931684401;
128;96,97665334438804;
6;92,8327293505766;
2;81,97144746622128;
2;76,82403620978788;
-1;0,0
-1;0,0
-1;0,0
-1;0,0
1;0,0;
1;0,0;
-1;0,0
1;0,0;
3;99,95866058115237;
6;99,90200381284272;
8;99,81268329568863;
2;99,66045929272136;
9;95,90674586854136;
2;94,64314546219532;
-1;0,0
1;0,0;
-1;0,0
-1;0,0
1;0,0;
-1;0,0
-1;0,0
-1;0,0
1;0,0;
1;0,0;
1;0,0;
-1;0,0
-1;0,0
0;0,0;
3;99,97150312243164;
4;99,88043934083544;
22;99,79977624513772;
16;99,75641717663383;
64;97,17710255234094;
32;96,83772233983163;
4;92,95398440201484;
2;84,58500162272593;
3;80,59440624784415;
-1;0,0
-1;0,0
1;0,0;
-1;0,0
-1;0,0
1;0,0;
-1;0,0
-1;0,0
-1;0,0
-1;0,0
-1;0,0
3;99,97150312243164;
6;99,9066463727876;
6;99,9066463727876;
7;99,8482952323366;
2;97,75266712512253;
2;94,5297098729525;
3;94,38133026785988;
3;92,63758120526848;
2;92,59848063912301;
3;91,14424256667783;
5;91,12797298625779;
12;88,31265140197735;
-1;0,0
1;0,0;
1;0,0;
1;0,0;
-1;0,0
-1;0,0
-1;0,0
-1;0,0
3;99,97150312243164;
4;99,84555154832849;
9;99,84398827115916;
8;99,81268329568863;
32;96,83772233983163;
32;96,83772233983163;
6;91,79763701358416;
2;90,88785525495916;
14;90,14687512313569;
3;81,47795217830726;
3;0,0;
1;0,0;
-1;0,0
-1;0,0
-1;0,0
1;0,0;
0;0,0;
1;0,0;
1;0,0;
-1;0,0
5;94,67727151861601;
3;0,0;
2;86,13867690226901;
-1;0,0
2;0,0;
2;0,0;
2;87,70331966765843;
2;59,32039111799241;
-1;0,0
3;88,04594126697175;
32;96,83772233983163;
3;85,87409577305954;
3;95,56997192324066;
26;99,0528134082168;
7;90,96866643425446;
4;93,1790422898962;
-1;0,0
8;99,89800173901827;
1;0,0;
-1;0,0
6;99,92044342932441;
4;98,55898605169445;
3;93,68637324445405;
4;93,1790422898962;
2;92,86442034975363;
-1;0,0
-1;0,0
-1;0,0
-1;0,0
-1;0,0
2;0,0;
-1;0,0
1;0,0;
2;0,0;
-1;0,0
-1;0,0
0;0,0;
-1;0,0
-1;0,0
-1;0,0
6;99,92044342932441;
4;99,898487411482;
10;99,73516386255889;
32;96,83772233983163;
2;93,42957127146042;
3;91,42903564011729;
6;91,34320302333883;
-1;0,0
1;0,0;
0;0,0;
1;0,0;
-1;0,0
1;0,0;
2;0,0;
-1;0,0
-1;0,0
-1;0,0
1;0,0;
-1;0,0
-1;0,0
6;99,92044342932441;
64;97,17710255234094;
208;96,83772233983163;
3;96,42970973252748;
2;94,58815798724733;
2;87,90411384638693;
2;87,14784072828093;
2;83,52061809259848;
2;81,97144746622128;
3;80,59440624784415;
2;72,8062958642207;
2;58,5008114771544;
-1;0,0
-1;0,0
-1;0,0
1;0,0;
2;0,0;
1;0,0;
1;0,0;
1;0,0;
6;99,920493882994;
7;99,81030931684401;
11;99,7673197007609;
5;98,64500744621797;
64;97,17710255234094;
64;97,17710255234094;
2;96,80783364748152;
2;94,00622324752273;
4;92,95398440201484;
2;86,75972171248789;
-1;0,0
-1;0,0
-1;0,0
0;0,0;
-1;0,0
1;0,0;
1;0,0;
-1;0,0
1;0,0;
1;0,0;
6;99,920493882994;
4;99,88043934083544;
9;99,87754069241976;
16;99,75641717663383;
5;99,42446108047746;
19;99,40112208863388;
3;93,69104984174186;
2;92,42979282954593;
2;85,64889558310482;
2;78,0738444433815;
1;0,0;
-1;0,0
-1;0,0
1;0,0;
2;0,0;
2;0,0;
1;0,0;
-1;0,0
-1;0,0
-1;0,0
3;99,96490761976735;
4;98,56316147091704;
2;84,58500162272593;
2;79,45516034907585;
-1;0,0
-1;0,0
1;0,0;
1;0,0;
-1;0,0
1;0,0;
2;0,0;
-1;0,0
1;0,0;
-1;0,0
-1;0,0
1;0,0;
1;0,0;
-1;0,0
-1;0,0
-1;0,0
3;99,96490761976735;
8;99,81268329568863;
4;98,55687454304645;
2;95,9610380413899;
3;94,52986968559411;
20;94,51474927416669;
2;91,25335482597356;
2;90,4494656433138;
2;89,93265917178962;
3;86,76403145272202;
2;81,97144746622128;
2;71,2808841851063;
-1;0,0
1;0,0;
-1;0,0
-1;0,0
-1;0,0
-1;0,0
1;0,0;
-1;0,0
3;99,96490761976735;
128;96,97665334438804;
32;96,83772233983163;
2;95,59561104180689;
20;94,51474927416669;
2;91,38156648135664;
5;91,12797298625779;
3;85,87409577305954;
5;67,58907417736175;
-1;0,0
1;0,0;
1;0,0;
1;0,0;
-1;0,0
1;0,0;
1;0,0;
-1;0,0
-1;0,0
-1;0,0
1;0,0;
3;99,99953612047227;
6;99,90200381284272;
7;99,81030931684401;
4;98,55687454304645;
2;97,74065380537715;
3;96,54060711193009;
18;94,68455908452306;
12;93,65426464089681;
5;93,27997853074525;
20;92,15179297267825;
4;91,03951701255384;
5;90,49221286079946;
1;0,0;
-1;0,0
-1;0,0
-1;0,0
-1;0,0
0;0,0;
1;0,0;
-1;0,0
14;99,75783628962867;
20;99,82008828957385;
-1;0,0
1;0,0;
1;0,0;
-1;0,0
1;0,0;
4;99,88043934083544;
2;72,8062958642207;
-1;0,0
1;0,0;
-1;0,0
-1;0,0
-1;0,0
1;0,0;
-1;0,0
-1;0,0
-1;0,0
-1;0,0
-1;0,0
6;99,90942436707986;
32;96,83772233983163;
2;96,8313787473776;
2;96,01225221014846;
12;91,06197468501738;
8;90,53836449554845;
1;0,0;
2;0,0;
2;0,0;
-1;0,0
-1;0,0
0;0,0;
1;0,0;
-1;0,0
1;0,0;
1;0,0;
2;0,0;
-1;0,0
1;0,0;
-1;0,0
4;99,90975188195183;
4;99,84555154832849;
4;98,55898605169445;
64;97,17710255234094;
32;96,83772233983163;
15;95,21704954214475;
2;92,94663201016702;
3;91,36660325008215;
3;90,47137446688934;
-1;0,0
1;0,0;
-1;0,0
-1;0,0
1;0,0;
2;0,0;
1;0,0;
-1;0,0
0;0,0;
-1;0,0
1;0,0;
4;99,90975188195183;
14;99,81406901975234;
7;99,81030931684401;
18;99,26719501674519;
2;97,76000860155045;
6;97,7543677177799;
2;88,92360019600576;
2;76,82403620978788;
-1;0,0
-1;0,0
1;0,0;
1;0,0;
1;0,0;
1;0,0;
-1;0,0
-1;0,0
-1;0,0
-1;0,0
1;0,0;
1;0,0;
4;99,90975188195183;
16;99,75641717663383;
13;99,33447858840435;
4;96,1730459846328;
7;93,41180580256461;
4;93,1790422898962;
6;91,37601571899432;
2;88,92360019600576;
3;83,10728791340652;
2;72,8062958642207;
-1;0,0
-1;0,0
-1;0,0
-1;0,0
0;0,0;
-1;0,0
1;0,0;
-1;0,0
1;0,0;
1;0,0;
4;99,90975188195183;
8;99,28717937610084;
64;97,17710255234094;
32;96,83772233983163;
2;96,22470100570901;
18;94,68455908452306;
3;94,17713130283451;
18;93,79055367776702;
2;90,65406128629901;
2;85,57892775599049;
3;83,10728791340652;
3;67,5510354001294;
-1;0,0
-1;0,0
1;0,0;
-1;0,0
-1;0,0
-1;0,0
-1;0,0
-1;0,0
4;99,90975188195183;
64;97,17710255234094;
2;95,3200882457952;
3;93,69104984174186;
2;88,92360019600576;
2;86,19273487341113;
2;81,97144746622128;
2;72,8062958642207;
1;0,0;
0;0,0;
1;0,0;
1;0,0;
3;0,0;
1;0,0;
1;0,0;
2;0,0;
0;0,0;
-1;0,0
2;0,0;
0;0,0;
6;99,92457343487146;
6;99,9066463727876;
14;99,75783628962867;
2;96,19168498752694;
20;94,51474927416669;
3;93,95483866300134;
1;0,0;
-1;0,0
-1;0,0
-1;0,0
-1;0,0
-1;0,0
1;0,0;
-1;0,0
-1;0,0
2;0,0;
-1;0,0
-1;0,0
-1;0,0
1;0,0;
6;99,92457343487146;
6;99,92456326694385;
12;99,86133976087113;
32;96,83772233983163;
32;96,83772233983163;
2;95,419422666515;
3;94,52986968559411;
15;94,00339143289511;
3;91,50939658762373;
2;81,97144746622128;
2;80,09369028237381;
2;0,0;
2;0,0;
0;0,0;
1;0,0;
0;0,0;
-1;0,0
3;0,0;
-1;0,0
1;0,0;
6;99,92457343487146;
5;99,86689226862417;
64;97,17710255234094;
2;95,21787205125737;
4;93,1790422898962;
3;91,92288867639728;
2;85,93784724390426;
3;83,06245157329074;
2;76,82403620978788;
2;72,8062958642207;
-1;0,0
-1;0,0
1;0,0;
-1;0,0
-1;0,0
-1;0,0
2;0,0;
1;0,0;
1;0,0;
2;0,0;
-1;0,0
4;99,89269623319693;
5;98,64500744621797;
3;95,10544854782815;
2;0,0;
4;96,1730459846328;
6;99,9066463727876;
24;99,7120413945758;
3;83,06245157329074;
7;99,84898752809029;
3;93,93853852702951;
1;0,0;
-1;0,0
6;92,8327293505766;
1;0,0;
-1;0,0
-1;0,0
2;92,26994021130643;
4;99,82291382954496;
-1;0,0
6;99,9066463727876;
7;99,86722870778947;
10;99,40732444730463;
64;97,17710255234094;
2;94,49850072132871;
39;91,13622360418866;
3;81,47795217830726;
1;0,0;
-1;0,0
-1;0,0
-1;0,0
-1;0,0
1;0,0;
1;0,0;
-1;0,0
-1;0,0
-1;0,0
1;0,0;
1;0,0;
-1;0,0
6;99,9066463727876;
5;99,77675873516661;
16;99,75641717663383;
10;99,63070025854944;
4;98,55687454304645;
32;96,83772233983163;
2;96,82819260152225;
3;90,54634598379292;
2;81,97144746622128;
2;79,15861737407556;
-1;0,0
1;0,0;
-1;0,0
-1;0,0
-1;0,0
-1;0,0
-1;0,0
-1;0,0
-1;0,0
-1;0,0
6;99,9066463727876;
9;99,87754069241976;
6;99,84051664220392;
32;96,83772233983163;
2;93,51207665320806;
3;89,8618250875985;
2;57,06689804536978;
-1;0,0
-1;0,0
-1;0,0
-1;0,0
-1;0,0
1;0,0;
-1;0,0
0;0,0;
1;0,0;
2;0,0;
1;0,0;
-1;0,0
-1;0,0
4;99,92657274071996;
7;99,89602228197475;
10;99,75219528171088;
32;96,83772233983163;
32;96,83772233983163;
3;93,69104984174186;
3;85,12099512946196;
2;83,52061809259848;
2;83,52061809259848;
2;57,06689804536978;
2;0,0;
-1;0,0
-1;0,0
1;0,0;
1;0,0;
-1;0,0
3;0,0;
-1;0,0
2;0,0;
-1;0,0
4;99,92657274071996;
13;99,74336935119712;
17;99,2980542122583;
2;96,81381318705266;
2;96,14078672292248;
2;95,12563540368836;
16;93,55954828742658;
7;90,96866643425446;
16;90,93007596462749;
3;86,54912707945283;
3;80,59440624784415;
-1;0,0
-1;0,0
2;0,0;
-1;0,0
-1;0,0
2;0,0;
-1;0,0
-1;0,0
1;0,0;
4;99,92657274071996;
6;99,9066463727876;
5;99,86689226862417;
9;99,8405171883964;
5;98,83663745965782;
2;95,59561104180689;
2;87,35592546209843;
2;86,91876466468722;
1;0,0;
-1;0,0
1;0,0;
-1;0,0
-1;0,0
2;0,0;
3;0,0;
-1;0,0
-1;0,0
2;0,0;
-1;0,0
-1;0,0
4;99,92657274071996;
6;99,90942436707986;
5;99,42446108047746;
9;98,37993897955731;
42;94,16081718527306;
2;57,06689804536978;
-1;0,0
1;0,0;
-1;0,0
2;0,0;
3;0,0;
-1;0,0
2;0,0;
-1;0,0
-1;0,0
-1;0,0
1;0,0;
1;0,0;
1;0,0;
1;0,0;
4;99,92657274071996;
6;99,90955777262309;
7;99,87156593021867;
7;99,87156593021867;
16;99,32956030958002;
208;96,83772233983163;
20;94,51474927416669;
2;0,0;
1;0,0;
1;0,0;
-1;0,0
-1;0,0
1;0,0;
-1;0,0
-1;0,0
-1;0,0
2;0,0;
2;0,0;
-1;0,0
-1;0,0
4;99,92657274071996;
6;99,90824662519503;
4;99,88043934083544;
15;99,33865290191775;
17;99,2980542122583;
6;94,96501347421665;
40;94,19987171259308;
6;94,16320386794371;
3;90,54634598379292;
2;85,59320670111265;
3;80,59440624784415;
3;78,51227106009122;
-1;0,0
2;0,0;
2;0,0;
-1;0,0
-1;0,0
2;0,0;
-1;0,0
-1;0,0
3;91,36660325008215;
1;0,0;
2;0,0;
7;99,90541087854194;
-1;0,0
2;86,40083416650165;
1;0,0;
0;0,0;
1;0,0;
6;92,8327293505766;
2;95,419422666515;
1;0,0;
128;96,97665334438804;
4;92,95398440201484;
2;0,0;
-1;0,0
4;93,1790422898962;
-1;0,0
32;96,83772233983163;
0;0,0;
7;99,90541087854194;
6;99,84051664220392;
7;99,81030931684401;
19;99,40112208863388;
19;99,40112208863388;
32;96,83772233983163;
208;96,83772233983163;
3;93,69104984174186;
12;90,71313819733615;
2;90,17442724663411;
2;83,52061809259848;
2;83,52061809259848;
-1;0,0
1;0,0;
1;0,0;
-1;0,0
-1;0,0
-1;0,0
1;0,0;
1;0,0;
4;99,92267261034615;
6;99,90942436707986;
8;99,89800173901827;
7;99,8482594697127;
15;99,33865290191775;
20;94,51474927416669;
3;94,20368114964137;
2;93,3615241879178;
2;85,6082804118542;
2;57,06689804536978;
1;0,0;
1;0,0;
-1;0,0
-1;0,0
-1;0,0
1;0,0;
0;0,0;
2;0,0;
3;0,0;
-1;0,0
4;99,9244922296626;
4;99,90975188195183;
10;99,85249405769227;
9;99,8405171883964;
22;99,79977624513772;
11;99,7673197007609;
16;99,75641717663383;
8;99,28717937610084;
4;98,60107425299621;
2;83,52061809259848;
2;83,50353879125615;
-1;0,0
-1;0,0
-1;0,0
-1;0,0
1;0,0;
-1;0,0
-1;0,0
-1;0,0
-1;0,0
4;99,9244922296626;
4;99,92267261034615;
8;99,89800173901827;
2;81,97144746622128;
1;0,0;
-1;0,0
-1;0,0
1;0,0;
-1;0,0
1;0,0;
0;0,0;
-1;0,0
-1;0,0
0;0,0;
-1;0,0
-1;0,0
-1;0,0
2;0,0;
-1;0,0
-1;0,0
4;99,9244922296626;
4;99,91732068147311;
8;99,91279727537542;
4;99,89269623319693;
2;96,8313787473776;
18;94,68455908452306;
2;85,32724242398487;
2;84,58500162272593;
2;74,77436710860138;
-1;0,0
1;0,0;
1;0,0;
1;0,0;
-1;0,0
-1;0,0
1;0,0;
-1;0,0
-1;0,0
1;0,0;
1;0,0;
4;99,9244922296626;
8;99,91279727537542;
22;99,73261745883217;
19;99,40112208863388;
128;96,97665334438804;
2;96,80783364748152;
2;92,8927191000566;
2;92,09124441936045;
3;86,71158618577542;
3;75,73311587668873;
-1;0,0
0;0,0;
-1;0,0
1;0,0;
-1;0,0
2;0,0;
-1;0,0
2;0,0;
1;0,0;
-1;0,0
4;99,92657274071996;
11;99,83958282661071;
13;99,74336935119712;
17;99,2980542122583;
2;96,87648358177951;
2;96,2918951621796;
2;94,85805171161066;
2;93,83386767717516;
2;89,55196095730574;
2;79,45516034907585;
2;72,8062958642207;
-1;0,0
-1;0,0
3;0,0;
1;0,0;
-1;0,0
-1;0,0
1;0,0;
1;0,0;
-1;0,0
4;99,92657274071996;
10;99,73516386255889;
64;97,17710255234094;
3;95,19291876078228;
2;92,04546894738667;
2;91,71297564380787;
3;89,57236357953198;
3;80,59440624784415;
2;78,0738444433815;
2;58,5008114771544;
-1;0,0
-1;0,0
1;0,0;
2;0,0;
1;0,0;
1;0,0;
-1;0,0
1;0,0;
-1;0,0
-1;0,0
4;99,92657274071996;
6;99,9066463727876;
13;99,74336935119712;
16;99,32956030958002;
3;96,81333063528547;
2;91,39081171800339;
2;86,36511170698662;
2;81,97144746622128;
2;81,97144746622128;
2;73,04227426080885;
2;72,8062958642207;
-1;0,0
1;0,0;
-1;0,0
1;0,0;
0;0,0;
-1;0,0
0;0,0;
-1;0,0
-1;0,0
-1;0,0
-1;0,0
-1;0,0
-1;0,0
6;99,90692748317966;
-1;0,0
-1;0,0
1;0,0;
16;93,55954828742658;
2;87,87707064203306;
2;96,18614262936005;
-1;0,0
-1;0,0
1;0,0;
2;74,77436710860138;
-1;0,0
4;99,9244922296626;
32;96,83772233983163;
3;99,96490761976735;
4;99,92657274071996;
3;99,99953612047227;
4;99,92657274071996;
4;99,92267261034615;
6;99,9066463727876;
2;97,74353158796738;
2;96,88260156805725;
16;93,5074875904839;
2;89,09688001778584;
12;88,31265140197735;
2;74,77436710860138;
-1;0,0
0;0,0;
-1;0,0
-1;0,0
-1;0,0
2;0,0;
-1;0,0
-1;0,0
-1;0,0
2;0,0;
3;99,99953612047227;
6;99,90942436707986;
11;99,83958282661071;
14;99,81406901975234;
14;93,97306412050442;
7;93,41180580256461;
2;92,26275599931645;
9;91,48588795580201;
2;90,58922978971515;
3;90,54634598379292;
2;87,21122235949551;
1;0,0;
0;0,0;
-1;0,0
-1;0,0
-1;0,0
-1;0,0
-1;0,0
1;0,0;
-1;0,0
3;99,99953612047227;
3;99,99642526878894;
7;99,8482952323366;
9;99,8405171883964;
64;97,17710255234094;
32;96,83772233983163;
3;94,07413625963935;
5;93,33660741016475;
8;91,89906417950387;
2;0,0;
-1;0,0
1;0,0;
1;0,0;
2;0,0;
1;0,0;
-1;0,0
1;0,0;
-1;0,0
2;0,0;
-1;0,0
3;99,99953612047227;
6;99,92456326694385;
4;95,19114320237995;
3;94,07413625963935;
3;86,76403145272202;
-1;0,0
1;0,0;
1;0,0;
-1;0,0
-1;0,0
1;0,0;
1;0,0;
2;0,0;
-1;0,0
1;0,0;
-1;0,0
-1;0,0
-1;0,0
-1;0,0
1;0,0;
3;99,99953612047227;
10;99,75219528171088;
2;96,35810033707527;
2;95,55761771349147;
6;92,8327293505766;
2;88,92360019600576;
2;86,24325910509005;
2;0,0;
-1;0,0
-1;0,0
1;0,0;
-1;0,0
3;0,0;
2;0,0;
1;0,0;
1;0,0;
-1;0,0
1;0,0;
1;0,0;
-1;0,0
3;99,99953612047227;
6;99,920493882994;
4;99,81586389013135;
7;99,81030931684401;
64;97,17710255234094;
128;96,97665334438804;
3;96,81333063528547;
14;93,97306412050442;
4;91,66822060382542;
2;91,35234590364459;
2;81,97144746622128;
2;81,97144746622128;
3;67,5510354001294;
-1;0,0
1;0,0;
-1;0,0
2;0,0;
-1;0,0
-1;0,0
-1;0,0
3;99,99953612047227;
6;99,92456326694385;
17;99,2980542122583;
14;98,23295028158743;
64;97,17710255234094;
12;93,65426464089681;
2;88,67197836892605;
3;85,57085428211906;
3;67,5510354001294;
2;59,32039111799241;
1;0,0;
2;0,0;
1;0,0;
1;0,0;
1;0,0;
-1;0,0
1;0,0;
-1;0,0
-1;0,0
2;0,0;
3;99,99953612047227;
6;99,92456326694385;
11;99,83557699370739;
14;93,97306412050442;
2;92,93696418146217;
2;91,47723082500544;
3;85,87409577305954;
2;79,15861737407556;
2;77,82501702633262;
-1;0,0
1;0,0;
1;0,0;
-1;0,0
-1;0,0
-1;0,0
1;0,0;
-1;0,0
-1;0,0
-1;0,0
1;0,0;
3;99,99953612047227;
6;99,9066463727876;
7;99,89602228197475;
7;99,89015476579081;
7;99,87156682732171;
5;99,42446108047746;
3;96,42970973252748;
3;94,52986968559411;
3;85,87409577305954;
2;72,8062958642207;
1;0,0;
1;0,0;
-1;0,0
1;0,0;
0;0,0;
1;0,0;
1;0,0;
-1;0,0
-1;0,0
1;0,0;
14;97,93063606511282;
20;94,51474927416669;
5;99,42446108047746;
-1;0,0
32;96,83772233983163;
2;80,09369028237381;
2;93,9534411852036;
2;57,06689804536978;
1;0,0;
1;0,0;
2;83,50353879125615;
4;99,84555154832849;
2;95,36000354842278;
4;99,88513969315656;
3;0,0;
4;87,97111170194273;
20;94,51474927416669;
3;94,07413625963935;
-1;0,0
3;0,0;
6;99,90942436707986;
6;99,90942436707986;
7;99,89602228197475;
7;99,81030931684401;
5;99,42446108047746;
2;95,419422666515;
3;85,87409577305954;
8;85,25422641519903;
2;84,46124964148835;
2;69,43568160114751;
1;0,0;
-1;0,0
-1;0,0
-1;0,0
-1;0,0
1;0,0;
-1;0,0
1;0,0;
-1;0,0
1;0,0;
4;99,92657274071996;
8;99,89800173901827;
32;96,83772233983163;
2;93,8471316609381;
3;88,88285570896139;
2;83,52061809259848;
-1;0,0
1;0,0;
-1;0,0
-1;0,0
-1;0,0
-1;0,0
-1;0,0
-1;0,0
-1;0,0
-1;0,0
-1;0,0
1;0,0;
-1;0,0
-1;0,0
4;99,92657274071996;
2;94,72943733796897;
16;93,55954828742658;
16;93,5074875904839;
2;84,58500162272593;
2;59,32039111799241;
-1;0,0
-1;0,0
-1;0,0
3;0,0;
-1;0,0
1;0,0;
1;0,0;
-1;0,0
-1;0,0
-1;0,0
-1;0,0
-1;0,0
1;0,0;
-1;0,0
4;99,92657274071996;
6;99,90942436707986;
2;95,59561104180689;
3;91,36660325008215;
3;91,36660325008215;
9;90,6879551172075;
3;81,47795217830726;
2;78,0738444433815;
2;0,0;
-1;0,0
1;0,0;
3;0,0;
-1;0,0
-1;0,0
-1;0,0
-1;0,0
-1;0,0
-1;0,0
-1;0,0
2;0,0;
4;99,92657274071996;
6;99,920493882994;
4;99,85609692170941;
10;99,84922475187294;
2;99,66045929272136;
32;96,83772233983163;
32;96,83772233983163;
32;96,83772233983163;
8;93,1052957795768;
3;91,36660325008215;
2;84,04302910242151;
-1;0,0
-1;0,0
-1;0,0
1;0,0;
1;0,0;
2;0,0;
3;0,0;
-1;0,0
1;0,0;
4;99,92657274071996;
6;99,92044342932441;
4;99,91732068147311;
5;99,83541440355964;
5;99,83065365800098;
2;87,02851970104261;
2;85,47995935809728;
2;83,52061809259848;
2;0,0;
-1;0,0
-1;0,0
1;0,0;
2;0,0;
2;0,0;
1;0,0;
-1;0,0
1;0,0;
-1;0,0
-1;0,0
2;0,0;
4;99,92657274071996;
18;99,26719501674519;
2;94,60878283027908;
9;91,48588795580201;
2;90,55545751684865;
2;89,70870792542603;
2;87,2458446022848;
3;83,10728791340652;
1;0,0;
-1;0,0
-1;0,0
0;0,0;
1;0,0;
1;0,0;
-1;0,0
-1;0,0
1;0,0;
1;0,0;
1;0,0;
2;0,0;
4;99,92657274071996;
6;99,90200381284272;
4;99,88043934083544;
7;99,87156682732171;
3;89,8618250875985;
2;0,0;
-1;0,0
1;0,0;
-1;0,0
1;0,0;
2;0,0;
-1;0,0
-1;0,0
1;0,0;
1;0,0;
-1;0,0
-1;0,0
-1;0,0
-1;0,0
1;0,0;
4;99,92657274071996;
7;99,87156593021867;
7;99,81030931684401;
8;99,17552312558824;
2;87,96587899160329;
2;86,09047810004363;
2;85,74674272742038;
3;83,06245157329074;
-1;0,0
2;0,0;
2;0,0;
-1;0,0
-1;0,0
1;0,0;
1;0,0;
1;0,0;
1;0,0;
-1;0,0
-1;0,0
3;0,0;
16;99,40483197777999;
2;0,0;
1;0,0;
-1;0,0
6;99,92044342932441;
-1;0,0
-1;0,0
-1;0,0
-1;0,0
-1;0,0
2;91,62096570196067;
3;94,07413625963935;
1;0,0;
0;0,0;
-1;0,0
3;75,73311587668873;
-1;0,0
6;98,75976804826053;
-1;0,0
1;0,0;
6;99,92044342932441;
4;98,55898605169445;
3;93,69104984174186;
2;90,29335357150336;
3;86,71158618577542;
3;85,87409577305954;
2;58,5008114771544;
-1;0,0
1;0,0;
1;0,0;
1;0,0;
0;0,0;
-1;0,0
2;0,0;
1;0,0;
-1;0,0
-1;0,0
-1;0,0
3;0,0;
1;0,0;
6;99,92044342932441;
5;99,83541440355964;
19;99,40112208863388;
32;96,83772233983163;
3;96,81333063528547;
14;93,97306412050442;
16;93,55954828742658;
10;92,7186573592648;
2;88,60654292156985;
-1;0,0
0;0,0;
-1;0,0
-1;0,0
1;0,0;
1;0,0;
1;0,0;
-1;0,0
1;0,0;
-1;0,0
1;0,0;
6;99,92044342932441;
7;99,8482952323366;
4;99,84555154832849;
13;99,33447858840435;
9;98,27814313026856;
2;95,5221311749619;
2;95,3200882457952;
20;94,51474927416669;
3;85,87409577305954;
3;83,10728791340652;
2;81,97144746622128;
2;0,0;
-1;0,0
-1;0,0
-1;0,0
-1;0,0
-1;0,0
-1;0,0
-1;0,0
1;0,0;
6;99,92044342932441;
4;99,90975188195183;
64;97,17710255234094;
128;96,97665334438804;
32;96,83772233983163;
2;86,24722271745634;
2;79,45516034907585;
0;0,0;
-1;0,0
-1;0,0
1;0,0;
1;0,0;
-1;0,0
1;0,0;
-1;0,0
-1;0,0
-1;0,0
-1;0,0
-1;0,0
0;0,0;
4;99,92267261034615;
6;99,90200381284272;
4;99,88513969315656;
6;98,81922059558264;
3;94,52986968559411;
20;94,51474927416669;
3;93,69104984174186;
2;93,14452118160666;
6;90,6065616613223;
2;83,94495727751465;
2;77,82501702633262;
0;0,0;
1;0,0;
-1;0,0
-1;0,0
-1;0,0
-1;0,0
-1;0,0
-1;0,0
1;0,0;
4;99,92267261034615;
7;99,87156682732171;
64;97,17710255234094;
2;96,86734255161682;
3;83,06245157329074;
2;76,82403620978788;
2;76,82403620978788;
1;0,0;
-1;0,0
-1;0,0
2;0,0;
-1;0,0
-1;0,0
1;0,0;
1;0,0;
1;0,0;
1;0,0;
1;0,0;
-1;0,0
1;0,0;
4;99,92267261034615;
6;99,90692748317966;
6;99,90200436556943;
3;94,8852166678983;
125;93,96462909718547;
4;93,86278276533815;
3;0,0;
2;0,0;
-1;0,0
-1;0,0
-1;0,0
0;0,0;
-1;0,0
1;0,0;
-1;0,0
1;0,0;
-1;0,0
-1;0,0
-1;0,0
2;0,0;
4;99,92267261034615;
6;99,90200381284272;
4;99,89269623319693;
2;95,419422666515;
3;94,5301723610224;
2;93,51336579213154;
3;93,0486617561738;
2;79,45516034907585;
3;67,5510354001294;
0;0,0;
1;0,0;
-1;0,0
-1;0,0
-1;0,0
-1;0,0
1;0,0;
-1;0,0
-1;0,0
3;0,0;
1;0,0;
4;99,92267261034615;
4;99,90975188195183;
6;99,90942436707986;
4;99,88043934083544;
7;99,8482952323366;
18;94,68455908452306;
2;83,52061809259848;
2;83,52061809259848;
2;81,97144746622128;
-1;0,0
1;0,0;
-1;0,0
1;0,0;
1;0,0;
-1;0,0
-1;0,0
1;0,0;
-1;0,0
-1;0,0
1;0,0;
32;96,83772233983163;
2;92,31491105985934;
-1;0,0
5;98,83663745965782;
1;0,0;
20;94,51474927416669;
-1;0,0
-1;0,0
1;0,0;
-1;0,0
64;97,17710255234094;
-1;0,0
-1;0,0
32;96,83772233983163;
2;88,35659437660993;
-1;0,0
1;0,0;
7;99,8482594697127;
2;56,946621042087365;
-1;0,0
7;99,8482594697127;
32;96,83772233983163;
2;96,18633674942816;
18;94,68455908452306;
20;94,51474927416669;
20;89,7467909928829;
2;87,34679902423244;
-1;0,0
-1;0,0
-1;0,0
0;0,0;
-1;0,0
0;0,0;
2;0,0;
1;0,0;
-1;0,0
-1;0,0
1;0,0;
1;0,0;
1;0,0;
4;99,92657274071996;
6;99,92044342932441;
7;99,81030931684401;
7;99,5135857932445;
119;93,89585910531108;
3;93,69104984174186;
3;86,54989307343564;
2;84,58500162272593;
2;84,31528272236967;
2;76,82403620978788;
-1;0,0
2;0,0;
1;0,0;
-1;0,0
-1;0,0
1;0,0;
2;0,0;
1;0,0;
3;0,0;
1;0,0;
4;99,92657274071996;
6;99,92457343487146;
16;99,40483197777999;
32;96,83772233983163;
2;96,76492275958687;
8;92,64949010907728;
3;91,2087352979434;
3;80,59440624784415;
2;0,0;
2;0,0;
1;0,0;
-1;0,0
1;0,0;
-1;0,0
1;0,0;
-1;0,0
1;0,0;
1;0,0;
2;0,0;
-1;0,0
4;99,92657274071996;
4;99,81586389013135;
128;96,97665334438804;
3;95,90932755271821;
8;95,11556829986509;
2;92,94663201016702;
3;92,01838561172073;
4;91,13182747908736;
-1;0,0
-1;0,0
-1;0,0
0;0,0;
1;0,0;
-1;0,0
-1;0,0
-1;0,0
-1;0,0
-1;0,0
-1;0,0
2;0,0;
4;99,92657274071996;
6;99,92456326694385;
8;99,89800173901827;
7;99,89602228197475;
32;96,83772233983163;
12;89,98309093741041;
2;88,67197836892605;
2;88,35641548100376;
-1;0,0
1;0,0;
1;0,0;
-1;0,0
1;0,0;
1;0,0;
1;0,0;
-1;0,0
-1;0,0
-1;0,0
1;0,0;
1;0,0;
4;99,92657274071996;
7;99,90541087854194;
7;99,8482952323366;
4;99,84555154832849;
64;97,17710255234094;
3;93,3859229747786;
3;91,36660325008215;
2;85,60888761784686;
2;79,45516034907585;
1;0,0;
2;0,0;
1;0,0;
2;0,0;
-1;0,0
2;0,0;
-1;0,0
-1;0,0
1;0,0;
3;0,0;
-1;0,0
4;99,92657274071996;
3;94,20368114964137;
2;86,6053595633637;
2;81,97144746622128;
2;80,09369028237381;
2;56,946621042087365;
0;0,0;
-1;0,0
-1;0,0
1;0,0;
-1;0,0
-1;0,0
-1;0,0
1;0,0;
-1;0,0
1;0,0;
-1;0,0
1;0,0;
1;0,0;
-1;0,0
3;99,99953612047227;
7;99,87156593021867;
4;99,82291382954496;
2;96,89686467547025;
32;96,83772233983163;
4;93,86278276533815;
2;92,94460348636217;
2;90,66668659310146;
3;89,43662503129978;
3;85,87409577305954;
-1;0,0
1;0,0;
1;0,0;
-1;0,0
-1;0,0
-1;0,0
-1;0,0
-1;0,0
-1;0,0
-1;0,0
3;99,99953612047227;
6;99,92044342932441;
6;99,90200381284272;
32;96,83772233983163;
3;93,93853852702951;
2;58,5008114771544;
-1;0,0
-1;0,0
-1;0,0
1;0,0;
1;0,0;
-1;0,0
1;0,0;
-1;0,0
-1;0,0
-1;0,0
-1;0,0
2;0,0;
-1;0,0
1;0,0;
-1;0,0
1;0,0;
-1;0,0
4;99,898487411482;
8;91,92360037326095;
7;99,8482952323366;
-1;0,0
1;0,0;
7;99,81030931684401;
6;99,92044342932441;
1;0,0;
1;0,0;
16;90,93007596462749;
16;93,55954828742658;
-1;0,0
-1;0,0
-1;0,0
4;99,88043934083544;
2;96,83455531083541;
3;0,0;
4;99,92657274071996;
6;99,9066463727876;
7;99,89015476579081;
13;99,33447858840435;
37;92,59745388167566;
2;91,65293662385966;
3;86,71158618577542;
2;83,52061809259848;
2;72,8062958642207;
-1;0,0
-1;0,0
-1;0,0
-1;0,0
-1;0,0
-1;0,0
1;0,0;
-1;0,0
-1;0,0
1;0,0;
-1;0,0
4;99,92657274071996;
6;99,92044342932441;
6;99,92044342932441;
7;99,85643313470152;
208;96,83772233983163;
5;95,52499330812856;
4;93,1790422898962;
3;91,36660325008215;
2;76,82403620978788;
1;0,0;
-1;0,0
1;0,0;
-1;0,0
-1;0,0
1;0,0;
2;0,0;
3;0,0;
-1;0,0
1;0,0;
-1;0,0
4;99,92657274071996;
6;99,9066463727876;
7;99,87156593021867;
16;99,75641717663383;
2;99,31906549076697;
32;96,83772233983163;
2;86,34113683203711;
-1;0,0
-1;0,0
-1;0,0
-1;0,0
1;0,0;
-1;0,0
1;0,0;
-1;0,0
-1;0,0
1;0,0;
-1;0,0
1;0,0;
1;0,0;
4;99,92657274071996;
18;99,26719501674519;
64;97,17710255234094;
17;94,00830031073852;
15;94,00339143289511;
12;93,65426464089681;
3;91,36660325008215;
20;91,13322226620694;
2;89,18142047693547;
2;81,97144746622128;
2;81,97144746622128;
2;56,946621042087365;
1;0,0;
1;0,0;
-1;0,0
-1;0,0
1;0,0;
1;0,0;
1;0,0;
-1;0,0
4;99,92657274071996;
6;99,9066463727876;
7;99,87156593021867;
4;98,55687454304645;
32;96,83772233983163;
2;96,79579331944;
20;94,51474927416669;
3;93,95483866300134;
2;88,90238745419165;
2;88,3786322776838;
3;83,10728791340652;
1;0,0;
1;0,0;
-1;0,0
-1;0,0
2;0,0;
1;0,0;
2;0,0;
-1;0,0
-1;0,0
4;99,92657274071996;
6;99,90200381284272;
4;99,80236906584037;
15;99,33865290191775;
32;96,83772233983163;
3;94,74048316961783;
2;94,31105036456702;
3;92,63758120526848;
2;84,58500162272593;
1;0,0;
1;0,0;
-1;0,0
1;0,0;
-1;0,0
-1;0,0
1;0,0;
-1;0,0
-1;0,0
-1;0,0
1;0,0;
4;99,92657274071996;
4;99,9244922296626;
6;99,90955777262309;
6;99,9066463727876;
14;99,75783628962867;
14;99,75783628962867;
17;99,2980542122583;
5;98,83663745965782;
31;92,42929040478207;
16;90,93007596462749;
2;89,53792851372073;
4;85,48570217634098;
2;84,58500162272593;
0;0,0;
-1;0,0
-1;0,0
-1;0,0
-1;0,0
-1;0,0
1;0,0;
4;99,92657274071996;
4;99,91732068147311;
6;99,84051664220392;
5;99,42446108047746;
10;99,36331045803355;
208;96,83772233983163;
4;91,49202083437518;
2;87,7383678729399;
2;86,38585133943162;
2;81,97144746622128;
2;79,45516034907585;
2;79,45516034907585;
2;0,0;
2;0,0;
1;0,0;
-1;0,0
-1;0,0
-1;0,0
1;0,0;
-1;0,0
4;99,92657274071996;
4;99,92267261034615;
6;99,90942436707986;
2;96,16264894303372;
2;96,12833177883037;
2;94,5297098729525;
14;90,14687512313569;
3;85,87409577305954;
1;0,0;
-1;0,0
-1;0,0
-1;0,0
1;0,0;
-1;0,0
1;0,0;
-1;0,0
1;0,0;
1;0,0;
3;0,0;
1;0,0;
1;0,0;
2;0,0;
2;96,8313787473776;
-1;0,0
1;0,0;
1;0,0;
7;99,5135857932445;
20;91,13322226620694;
208;96,83772233983163;
1;0,0;
2;81,97144746622128;
16;99,75641717663383;
1;0,0;
-1;0,0
-1;0,0
2;0,0;
1;0,0;
2;72,8062958642207;
-1;0,0
4;99,89269623319693;
3;99,96490761976735;
6;99,92044342932441;
6;99,90692748317966;
32;96,83772233983163;
3;94,52986968559411;
2;89,99238036791968;
3;86,23143398773823;
2;81,97144746622128;
1;0,0;
0;0,0;
1;0,0;
-1;0,0
-1;0,0
0;0,0;
1;0,0;
-1;0,0
-1;0,0
0;0,0;
0;0,0;
-1;0,0
3;99,96490761976735;
4;99,92267261034615;
7;99,90541087854194;
9;99,87754069241976;
10;99,86426867480408;
14;99,81406901975234;
4;98,60422055663096;
6;92,8327293505766;
6;92,8327293505766;
2;92,49607799555493;
2;89,27097424523839;
2;83,50353879125615;
-1;0,0
-1;0,0
0;0,0;
-1;0,0
1;0,0;
3;0,0;
2;0,0;
-1;0,0
3;99,96490761976735;
5;99,92391434058213;
4;99,92267261034615;
6;99,9066463727876;
8;99,89800173901827;
7;99,8482952323366;
2;96,00568024162584;
8;92,64949010907728;
3;88,60950303182648;
-1;0,0
-1;0,0
-1;0,0
-1;0,0
-1;0,0
-1;0,0
1;0,0;
2;0,0;
-1;0,0
-1;0,0
2;0,0;
3;99,96490761976735;
6;99,90692748317966;
3;95,19291876078228;
2;93,10235641226832;
3;92,95262338583002;
2;83,52061809259848;
2;81,97144746622128;
2;56,946621042087365;
1;0,0;
0;0,0;
-1;0,0
1;0,0;
-1;0,0
2;0,0;
-1;0,0
-1;0,0
-1;0,0
-1;0,0
-1;0,0
1;0,0;
3;99,96490761976735;
5;98,64500744621797;
2;96,82819260152225;
20;94,51474927416669;
14;93,97306412050442;
12;93,65426464089681;
2;81,97144746622128;
1;0,0;
-1;0,0
-1;0,0
1;0,0;
-1;0,0
3;0,0;
-1;0,0
-1;0,0
1;0,0;
1;0,0;
-1;0,0
-1;0,0
1;0,0;
3;99,96490761976735;
9;99,84398827115916;
9;99,8405171883964;
32;96,83772233983163;
2;94,58815798724733;
2;93,30836028327192;
5;92,43583816269245;
2;83,52061809259848;
-1;0,0
-1;0,0
1;0,0;
1;0,0;
3;0,0;
-1;0,0
-1;0,0
1;0,0;
-1;0,0
-1;0,0
1;0,0;
-1;0,0
3;99,96490761976735;
4;99,91732068147311;
6;99,9066463727876;
4;98,49504487715058;
208;96,83772233983163;
2;96,79579331944;
3;96,34485931321191;
3;92,51634728472735;
2;87,93838312308951;
2;87,6779007401009;
2;77,82501702633262;
-1;0,0
1;0,0;
-1;0,0
-1;0,0
1;0,0;
-1;0,0
1;0,0;
-1;0,0
1;0,0;
3;99,96490761976735;
4;99,898487411482;
4;99,898487411482;
4;99,82291382954496;
64;97,17710255234094;
32;96,83772233983163;
2;94,3143925693425;
2;94,2385474058601;
18;91,70862205145434;
3;85,57085428211906;
1;0,0;
1;0,0;
1;0,0;
-1;0,0
1;0,0;
0;0,0;
3;0,0;
-1;0,0
1;0,0;
-1;0,0
3;99,96490761976735;
4;99,92657274071996;
4;99,90975188195183;
6;99,90843603744631;
7;99,81030931684401;
6;98,81922059558264;
132;94,27698832409537;
16;91,06241118371975;
19;89,58587918271063;
2;69,43568160114751;
2;56,946621042087365;
1;0,0;
1;0,0;
-1;0,0
-1;0,0
1;0,0;
1;0,0;
1;0,0;
0;0,0;
-1;0,0
2;85,72219723975803;
2;0,0;
-1;0,0
1;0,0;
2;0,0;
-1;0,0
1;0,0;
1;0,0;
64;97,17710255234094;
32;96,83772233983163;
-1;0,0
1;0,0;
-1;0,0
0;0,0;
-1;0,0
-1;0,0
2;79,45516034907585;
-1;0,0
-1;0,0
-1;0,0
4;99,90975188195183;
6;99,90942436707986;
7;99,86722870778947;
14;99,82205641356765;
10;99,73516386255889;
5;98,83663745965782;
4;98,55687454304645;
32;96,83772233983163;
3;94,27071325900911;
2;94,07799524818148;
2;90,86493227862519;
2;79,15861737407556;
-1;0,0
-1;0,0
-1;0,0
0;0,0;
-1;0,0
1;0,0;
-1;0,0
1;0,0;
4;99,90975188195183;
6;99,90200381284272;
8;99,89800173901827;
15;98,77301433683847;
2;96,00568024162584;
5;95,4480359476241;
7;94,4768729848866;
4;93,4625661054467;
2;85,68062112279216;
3;67,5510354001294;
-1;0,0
-1;0,0
-1;0,0
-1;0,0
1;0,0;
-1;0,0
-1;0,0
1;0,0;
-1;0,0
-1;0,0
4;99,92267261034615;
7;99,8482952323366;
32;96,83772233983163;
5;94,67727151861601;
4;93,78600805680989;
8;92,64949010907728;
2;86,98874036074015;
1;0,0;
-1;0,0
1;0,0;
-1;0,0
-1;0,0
-1;0,0
1;0,0;
-1;0,0
-1;0,0
1;0,0;
2;0,0;
-1;0,0
-1;0,0
4;99,92267261034615;
6;99,90200381284272;
9;99,84398827115916;
16;99,40483197777999;
32;96,83772233983163;
2;94,39742463958548;
3;85,87409577305954;
3;85,87409577305954;
2;59,32039111799241;
1;0,0;
1;0,0;
-1;0,0
1;0,0;
-1;0,0
-1;0,0
1;0,0;
1;0,0;
-1;0,0
-1;0,0
-1;0,0
4;99,92267261034615;
6;99,9066463727876;
4;99,88043934083544;
11;99,87158850038279;
10;99,85249405769227;
4;96,1730459846328;
2;95,419422666515;
4;90,99553639583557;
2;84,1845041348313;
3;67,5510354001294;
-1;0,0
0;0,0;
1;0,0;
-1;0,0
-1;0,0
-1;0,0
1;0,0;
-1;0,0
-1;0,0
-1;0,0
4;99,92267261034615;
8;99,89800173901827;
8;99,89800173901827;
7;99,5135857932445;
15;94,00339143289511;
2;91,65397105977975;
2;91,17800520688604;
20;91,13322226620694;
10;89,93973291285242;
3;83,06245157329074;
1;0,0;
1;0,0;
2;0,0;
-1;0,0
-1;0,0
-1;0,0
-1;0,0
-1;0,0
1;0,0;
2;0,0;
4;99,92267261034615;
4;99,84555154832849;
14;97,93063606511282;
32;96,83772233983163;
32;96,83772233983163;
2;96,77754503651445;
3;94,74048316961783;
5;91,12797298625779;
2;72,8062958642207;
2;56,946621042087365;
1;0,0;
-1;0,0
-1;0,0
-1;0,0
1;0,0;
-1;0,0
1;0,0;
1;0,0;
-1;0,0
-1;0,0
4;99,92267261034615;
10;99,86426867480408;
24;99,7120413945758;
2;99,3718680061173;
2;99,31753294148375;
128;96,97665334438804;
32;96,83772233983163;
2;87,7302712074821;
-1;0,0
-1;0,0
-1;0,0
1;0,0;
1;0,0;
-1;0,0
-1;0,0
-1;0,0
1;0,0;
0;0,0;
-1;0,0
1;0,0;
3;99,99953612047227;
16;99,32956030958002;
8;99,28717937610084;
4;98,56688715722586;
2;97,75775735334562;
12;93,65426464089681;
7;90,96866643425446;
2;86,32532325022075;
3;67,5510354001294;
-1;0,0
-1;0,0
-1;0,0
-1;0,0
-1;0,0
1;0,0;
1;0,0;
-1;0,0
-1;0,0
2;0,0;
-1;0,0
-1;0,0
-1;0,0
-1;0,0
-1;0,0
3;89,57236357953198;
0;0,0;
7;99,81030931684401;
2;0,0;
0;0,0;
16;99,40483197777999;
-1;0,0
-1;0,0
-1;0,0
6;99,90692748317966;
5;92,43583816269245;
1;0,0;
10;99,86426867480408;
1;0,0;
1;0,0;
1;0,0;
4;99,92657274071996;
4;99,85609692170941;
17;99,2980542122583;
2;97,73949960545788;
32;96,83772233983163;
3;91,36660325008215;
2;84,58500162272593;
2;83,50353879125615;
-1;0,0
1;0,0;
-1;0,0
-1;0,0
1;0,0;
-1;0,0
-1;0,0
-1;0,0
-1;0,0
1;0,0;
2;0,0;
1;0,0;
4;99,92657274071996;
7;99,87156682732171;
10;99,75219528171088;
15;98,42534532671999;
64;97,17710255234094;
2;96,88715288879136;
2;96,86939825618006;
3;92,95262338583002;
-1;0,0
-1;0,0
-1;0,0
1;0,0;
-1;0,0
-1;0,0
-1;0,0
1;0,0;
1;0,0;
-1;0,0
-1;0,0
-1;0,0
4;99,92657274071996;
6;99,9066463727876;
6;99,90200381284272;
15;99,33865290191775;
8;99,28717937610084;
18;94,68455908452306;
18;94,68455908452306;
2;94,5297098729525;
6;92,8327293505766;
3;89,90480280930704;
-1;0,0
2;0,0;
-1;0,0
-1;0,0
-1;0,0
0;0,0;
-1;0,0
-1;0,0
1;0,0;
2;0,0;
4;99,92657274071996;
2;94,5297098729525;
2;93,72698625835989;
4;93,1790422898962;
4;93,1790422898962;
2;87,84475421885666;
3;85,87409577305954;
2;83,52061809259848;
2;81,97144746622128;
3;67,5510354001294;
-1;0,0
1;0,0;
2;0,0;
-1;0,0
-1;0,0
-1;0,0
3;0,0;
1;0,0;
3;0,0;
-1;0,0
4;99,92657274071996;
7;99,90541087854194;
12;99,86133976087113;
11;99,7673197007609;
2;94,72943733796897;
3;94,17713130283451;
5;93,21099897043578;
17;90,37145117950983;
12;90,34565281077775;
3;89,90480280930704;
2;86,61256397582865;
3;67,5510354001294;
-1;0,0
2;0,0;
1;0,0;
1;0,0;
-1;0,0
1;0,0;
0;0,0;
-1;0,0
4;99,92657274071996;
10;99,84922475187294;
2;97,76000860155045;
208;96,83772233983163;
3;94,52986968559411;
20;94,51474927416669;
3;94,2428662807863;
2;83,05655474784338;
2;79,15861737407556;
2;74,77436710860138;
-1;0,0
-1;0,0
1;0,0;
2;0,0;
2;0,0;
-1;0,0
-1;0,0
-1;0,0
-1;0,0
1;0,0;
4;99,92657274071996;
6;99,90824662519503;
14;99,82205641356765;
32;96,83772233983163;
3;94,52986968559411;
14;93,97306412050442;
4;93,1790422898962;
2;91,66189025773375;
2;83,52061809259848;
1;0,0;
1;0,0;
-1;0,0
1;0,0;
-1;0,0
-1;0,0
-1;0,0
1;0,0;
-1;0,0
1;0,0;
1;0,0;
4;99,92657274071996;
9;99,87754069241976;
32;96,83772233983163;
4;93,1790422898962;
9;91,74905803327358;
1;0,0;
-1;0,0
-1;0,0
2;0,0;
1;0,0;
1;0,0;
1;0,0;
-1;0,0
1;0,0;
-1;0,0
-1;0,0
-1;0,0
3;0,0;
1;0,0;
1;0,0;
4;99,92657274071996;
7;99,81030931684401;
17;99,2980542122583;
128;96,97665334438804;
3;94,2428662807863;
5;94,06491874795653;
3;93,93853852702951;
2;91,66189025773375;
2;76,82403620978788;
-1;0,0
-1;0,0
-1;0,0
-1;0,0
-1;0,0
0;0,0;
1;0,0;
-1;0,0
1;0,0;
-1;0,0
1;0,0;
1;0,0;
2;88,92360019600576;
2;0,0;
-1;0,0
-1;0,0
7;99,89015476579081;
-1;0,0
2;0,0;
11;96,615150493492;
3;0,0;
2;83,52061809259848;
-1;0,0
-1;0,0
2;80,09369028237381;
6;99,92044342932441;
2;59,32039111799241;
-1;0,0
6;99,90942436707986;
-1;0,0
25;94,93714308725202;
6;99,92044342932441;
4;99,84555154832849;
7;99,81030931684401;
64;97,17710255234094;
32;96,83772233983163;
6;89,44710208156391;
9;88,07100205255811;
2;76,82403620978788;
-1;0,0
-1;0,0
-1;0,0
1;0,0;
0;0,0;
-1;0,0
1;0,0;
1;0,0;
-1;0,0
-1;0,0
-1;0,0
1;0,0;
6;99,92044342932441;
11;99,87158850038279;
8;99,17552312558824;
2;92,94663201016702;
2;92,63531998077184;
14;92,61252566556767;
17;90,91418178053205;
3;90,54634598379292;
2;89,72495256114928;
3;67,5510354001294;
-1;0,0
1;0,0;
1;0,0;
0;0,0;
1;0,0;
-1;0,0
2;0,0;
-1;0,0
-1;0,0
-1;0,0
4;99,92267261034615;
6;99,90692748317966;
15;99,33865290191775;
8;99,28717937610084;
6;98,81922059558264;
32;96,83772233983163;
12;93,65426464089681;
2;81,97144746622128;
2;56,946621042087365;
-1;0,0
1;0,0;
-1;0,0
1;0,0;
-1;0,0
2;0,0;
-1;0,0
-1;0,0
-1;0,0
0;0,0;
0;0,0;
4;99,92267261034615;
5;99,86689226862417;
7;99,81030931684401;
128;96,97665334438804;
5;93,74255308994799;
3;89,57236357953198;
2;86,14698025991454;
2;79,45516034907585;
2;69,43568160114751;
-1;0,0
-1;0,0
-1;0,0
1;0,0;
-1;0,0
1;0,0;
-1;0,0
-1;0,0
-1;0,0
2;0,0;
1;0,0;
3;99,99642526878894;
6;99,90824662519503;
6;99,9066463727876;
16;99,75641717663383;
10;99,36331045803355;
8;99,17552312558824;
15;99,06485270288955;
64;97,17710255234094;
18;94,68455908452306;
16;90,93007596462749;
2;74,77436710860138;
-1;0,0
-1;0,0
-1;0,0
0;0,0;
1;0,0;
-1;0,0
3;0,0;
-1;0,0
-1;0,0
3;99,99642526878894;
3;99,97870644942533;
6;99,90824662519503;
6;99,90200381284272;
4;99,88043934083544;
17;99,2980542122583;
4;98,70196614816965;
18;94,68455908452306;
20;91,13322226620694;
3;81,93104064004484;
2;79,15861737407556;
2;74,77436710860138;
3;67,5510354001294;
-1;0,0
1;0,0;
-1;0,0
1;0,0;
-1;0,0
-1;0,0
-1;0,0
3;99,99642526878894;
4;99,9244922296626;
3;99,73729300935975;
128;96,97665334438804;
20;94,51474927416669;
10;92,7186573592648;
2;88,79928127508465;
1;0,0;
0;0,0;
2;0,0;
-1;0,0
2;0,0;
-1;0,0
-1;0,0
-1;0,0
-1;0,0
1;0,0;
1;0,0;
-1;0,0
-1;0,0
3;99,99642526878894;
6;99,92044342932441;
7;99,90541087854194;
7;99,81030931684401;
17;99,32471991370156;
32;96,83772233983163;
4;94,6182271948347;
3;93,69104984174186;
2;86,49043682627486;
2;79,15861737407556;
1;0,0;
1;0,0;
-1;0,0
-1;0,0
1;0,0;
-1;0,0
-1;0,0
1;0,0;
-1;0,0
-1;0,0
3;99,99642526878894;
11;99,83958282661071;
32;96,83772233983163;
10;93,06377130093011;
2;90,30778019026873;
2;90,15438522804527;
2;79,45516034907585;
-1;0,0
-1;0,0
2;0,0;
-1;0,0
-1;0,0
-1;0,0
1;0,0;
0;0,0;
1;0,0;
-1;0,0
-1;0,0
1;0,0;
-1;0,0
-1;0,0
1;0,0;
-1;0,0
3;85,87409577305954;
4;99,80236906584037;
5;89,77797403621801;
6;90,6065616613223;
-1;0,0
-1;0,0
10;99,84922475187294;
14;99,75783628962867;
2;93,27855232592961;
1;0,0;
2;87,31705677467754;
32;96,83772233983163;
-1;0,0
4;99,92267261034615;
15;80,82246376042293;
-1;0,0
0;0,0;
4;99,92267261034615;
6;99,9066463727876;
5;99,42446108047746;
18;94,68455908452306;
2;88,58620216567495;
2;87,09010372485686;
2;58,5008114771544;
2;56,946621042087365;
-1;0,0
1;0,0;
2;0,0;
-1;0,0
1;0,0;
-1;0,0
-1;0,0
0;0,0;
-1;0,0
-1;0,0
1;0,0;
-1;0,0
4;99,92267261034615;
6;99,9066463727876;
7;99,89121429442956;
32;96,83772233983163;
3;94,20368114964137;
3;89,57236357953198;
2;88,77662573663775;
-1;0,0
-1;0,0
2;0,0;
-1;0,0
-1;0,0
2;0,0;
1;0,0;
-1;0,0
-1;0,0
1;0,0;
-1;0,0
1;0,0;
-1;0,0
4;99,92267261034615;
6;99,90955777262309;
7;99,89602228197475;
8;99,28717937610084;
7;92,76937340109961;
3;91,36660325008215;
2;81,97144746622128;
-1;0,0
1;0,0;
1;0,0;
1;0,0;
1;0,0;
-1;0,0
1;0,0;
2;0,0;
-1;0,0
-1;0,0
-1;0,0
2;0,0;
0;0,0;
4;99,92267261034615;
4;99,898487411482;
16;99,75641717663383;
2;97,74065380537715;
128;96,97665334438804;
32;96,83772233983163;
2;92,53281115640715;
4;91,13182747908736;
2;87,25584921469506;
2;83,50353879125615;
2;81,97144746622128;
2;78,0738444433815;
-1;0,0
1;0,0;
1;0,0;
-1;0,0
2;0,0;
1;0,0;
1;0,0;
1;0,0;
6;99,92456326694385;
7;99,5135857932445;
2;95,55449477300981;
18;94,68455908452306;
4;93,1790422898962;
2;92,94663201016702;
10;92,7186573592648;
3;67,5510354001294;
2;0,0;
-1;0,0
1;0,0;
-1;0,0
1;0,0;
-1;0,0
-1;0,0
-1;0,0
2;0,0;
1;0,0;
-1;0,0
-1;0,0
6;99,92456326694385;
7;99,5135857932445;
32;96,83772233983163;
10;86,41449812498672;
2;84,73575996045719;
2;81,97144746622128;
2;77,82501702633262;
3;67,5510354001294;
1;0,0;
0;0,0;
-1;0,0
2;0,0;
2;0,0;
-1;0,0
0;0,0;
2;0,0;
-1;0,0
0;0,0;
1;0,0;
-1;0,0
6;99,92456326694385;
9;99,87754069241976;
2;99,31906549076697;
64;97,17710255234094;
18;94,68455908452306;
6;92,8327293505766;
4;91,49202083437518;
2;88,92360019600576;
2;84,58500162272593;
2;81,97144746622128;
3;67,5510354001294;
-1;0,0
1;0,0;
-1;0,0
-1;0,0
-1;0,0
-1;0,0
-1;0,0
-1;0,0
-1;0,0
6;99,92456326694385;
4;99,91732068147311;
4;98,56316147091704;
64;97,17710255234094;
32;96,83772233983163;
2;77,82501702633262;
-1;0,0
1;0,0;
-1;0,0
1;0,0;
1;0,0;
1;0,0;
-1;0,0
-1;0,0
-1;0,0
-1;0,0
-1;0,0
2;0,0;
-1;0,0
1;0,0;
6;99,92456326694385;
6;99,90692748317966;
7;99,89602228197475;
4;99,84555154832849;
7;99,81030931684401;
2;96,79579331944;
7;90,96866643425446;
2;89,45070360484357;
3;85,87409577305954;
2;83,50353879125615;
-1;0,0
1;0,0;
2;0,0;
-1;0,0
-1;0,0
1;0,0;
0;0,0;
-1;0,0
1;0,0;
1;0,0;
